Sample_ID,Lymphocytes_%_#1,Lymphocytes_%_#2,Lymphocytes_%_#7,Viable_T_cells_%_#1,Viable_T_cells_%_#2,Viable_T_cells_%_#7,CD4_%_#1,CD4_%_#2,CD4_%_#7,CD8_%_#1,CD8_%_#2,CD8_%_#7,CD3\IFN+TNF-_%_#1,CD3\IFN+TNF-_%_#2,CD3\IFN+TNF-_%_#7,CD3\IFN+TNF+_%_#1,CD3\IFN+TNF+_%_#2,CD3\IFN+TNF+_%_#7,CD3\IFN-TNF+_%_#1,CD3\IFN-TNF+_%_#2,CD3\IFN-TNF+_%_#7,CD3\IFN-TNF-_%_#1,CD3\IFN-TNF-_%_#2,CD3\IFN-TNF-_%_#7,CD3\IL2+CD154-_%_#1,CD3\IL2+CD154-_%_#2,CD3\IL2+CD154-_%_#7,CD3\IL2+CD154+_%_#1,CD3\IL2+CD154+_%_#2,CD3\IL2+CD154+_%_#7,CD3\IL2-CD154+_%_#1,CD3\IL2-CD154+_%_#2,CD3\IL2-CD154+_%_#7,CD3\IL2-CD154-_%_#1,CD3\IL2-CD154-_%_#2,CD3\IL2-CD154-_%_#7,CD3\IFN+_%_#1,CD3\IFN+_%_#2,CD3\IFN+_%_#7,CD3\TNF+_%_#1,CD3\TNF+_%_#2,CD3\TNF+_%_#7,CD3\IL2+_%_#1,CD3\IL2+_%_#2,CD3\IL2+_%_#7,CD3\CD154+_%_#1,CD3\CD154+_%_#2,CD3\CD154+_%_#7,CD4\IFN+TNF-_%_#1,CD4\IFN+TNF-_%_#2,CD4\IFN+TNF-_%_#7,CD4\IFN+TNF+_%_#1,CD4\IFN+TNF+_%_#2,CD4\IFN+TNF+_%_#7,CD4\IFN-TNF+_%_#1,CD4\IFN-TNF+_%_#2,CD4\IFN-TNF+_%_#7,CD4\IFN-TNF-_%_#1,CD4\IFN-TNF-_%_#2,CD4\IFN-TNF-_%_#7,CD4\IL2+CD154-_%_#1,CD4\IL2+CD154-_%_#2,CD4\IL2+CD154-_%_#7,CD4\IL2+CD154+_%_#1,CD4\IL2+CD154+_%_#2,CD4\IL2+CD154+_%_#7,CD4\IL2-CD154+_%_#1,CD4\IL2-CD154+_%_#2,CD4\IL2-CD154+_%_#7,CD4\IL2-CD154-_%_#1,CD4\IL2-CD154-_%_#2,CD4\IL2-CD154-_%_#7,CD4\IFN+_%_#1,CD4\IFN+_%_#2,CD4\IFN+_%_#7,CD4\TNF+_%_#1,CD4\TNF+_%_#2,CD4\TNF+_%_#7,CD4\IL2+_%_#1,CD4\IL2+_%_#2,CD4\IL2+_%_#7,CD4\CD154+_%_#1,CD4\CD154+_%_#2,CD4\CD154+_%_#7,CD8\IFN+TNF-_%_#1,CD8\IFN+TNF-_%_#2,CD8\IFN+TNF-_%_#7,CD8\IFN+TNF+_%_#1,CD8\IFN+TNF+_%_#2,CD8\IFN+TNF+_%_#7,CD8\IFN-TNF+_%_#1,CD8\IFN-TNF+_%_#2,CD8\IFN-TNF+_%_#7,CD8\IFN-TNF-_%_#1,CD8\IFN-TNF-_%_#2,CD8\IFN-TNF-_%_#7,CD8\IL2+CD154-_%_#1,CD8\IL2+CD154-_%_#2,CD8\IL2+CD154-_%_#7,CD8\IL2+CD154+_%_#1,CD8\IL2+CD154+_%_#2,CD8\IL2+CD154+_%_#7,CD8\IL2-CD154+_%_#1,CD8\IL2-CD154+_%_#2,CD8\IL2-CD154+_%_#7,CD8\IL2-CD154-_%_#1,CD8\IL2-CD154-_%_#2,CD8\IL2-CD154-_%_#7,CD8\IFN+_%_#1,CD8\IFN+_%_#2,CD8\IFN+_%_#7,CD8\TNF+_%_#1,CD8\TNF+_%_#2,CD8\TNF+_%_#7,CD8\IL2+_%_#1,CD8\IL2+_%_#2,CD8\IL2+_%_#7,CD8\CD154+_%_#1,CD8\CD154+_%_#2,CD8\CD154+_%_#7,Lymphocytes_#_#1,Lymphocytes_#_#2,Lymphocytes_#_#7,Viable_T_cells_#_#1,Viable_T_cells_#_#2,Viable_T_cells_#_#7,CD4_#_#1,CD4_#_#2,CD4_#_#7,CD8_#_#1,CD8_#_#2,CD8_#_#7,CD3\IFN+TNF-_#_#1,CD3\IFN+TNF-_#_#2,CD3\IFN+TNF-_#_#7,CD3\IFN+TNF+_#_#1,CD3\IFN+TNF+_#_#2,CD3\IFN+TNF+_#_#7,CD3\IFN-TNF+_#_#1,CD3\IFN-TNF+_#_#2,CD3\IFN-TNF+_#_#7,CD3\IFN-TNF-_#_#1,CD3\IFN-TNF-_#_#2,CD3\IFN-TNF-_#_#7,CD3\IL2+CD154-_#_#1,CD3\IL2+CD154-_#_#2,CD3\IL2+CD154-_#_#7,CD3\IL2+CD154+_#_#1,CD3\IL2+CD154+_#_#2,CD3\IL2+CD154+_#_#7,CD3\IL2-CD154+_#_#1,CD3\IL2-CD154+_#_#2,CD3\IL2-CD154+_#_#7,CD3\IL2-CD154-_#_#1,CD3\IL2-CD154-_#_#2,CD3\IL2-CD154-_#_#7,CD3\IFN+_#_#1,CD3\IFN+_#_#2,CD3\IFN+_#_#7,CD3\TNF+_#_#1,CD3\TNF+_#_#2,CD3\TNF+_#_#7,CD3\IL2+_#_#1,CD3\IL2+_#_#2,CD3\IL2+_#_#7,CD3\CD154+_#_#1,CD3\CD154+_#_#2,CD3\CD154+_#_#7,CD4\IFN+TNF-_#_#1,CD4\IFN+TNF-_#_#2,CD4\IFN+TNF-_#_#7,CD4\IFN+TNF+_#_#1,CD4\IFN+TNF+_#_#2,CD4\IFN+TNF+_#_#7,CD4\IFN-TNF+_#_#1,CD4\IFN-TNF+_#_#2,CD4\IFN-TNF+_#_#7,CD4\IFN-TNF-_#_#1,CD4\IFN-TNF-_#_#2,CD4\IFN-TNF-_#_#7,CD4\IL2+CD154-_#_#1,CD4\IL2+CD154-_#_#2,CD4\IL2+CD154-_#_#7,CD4\IL2+CD154+_#_#1,CD4\IL2+CD154+_#_#2,CD4\IL2+CD154+_#_#7,CD4\IL2-CD154+_#_#1,CD4\IL2-CD154+_#_#2,CD4\IL2-CD154+_#_#7,CD4\IL2-CD154-_#_#1,CD4\IL2-CD154-_#_#2,CD4\IL2-CD154-_#_#7,CD4\IFN+_#_#1,CD4\IFN+_#_#2,CD4\IFN+_#_#7,CD4\TNF+_#_#1,CD4\TNF+_#_#2,CD4\TNF+_#_#7,CD4\IL2+_#_#1,CD4\IL2+_#_#2,CD4\IL2+_#_#7,CD4\CD154+_#_#1,CD4\CD154+_#_#2,CD4\CD154+_#_#7,CD8\IFN+TNF-_#_#1,CD8\IFN+TNF-_#_#2,CD8\IFN+TNF-_#_#7,CD8\IFN+TNF+_#_#1,CD8\IFN+TNF+_#_#2,CD8\IFN+TNF+_#_#7,CD8\IFN-TNF+_#_#1,CD8\IFN-TNF+_#_#2,CD8\IFN-TNF+_#_#7,CD8\IFN-TNF-_#_#1,CD8\IFN-TNF-_#_#2,CD8\IFN-TNF-_#_#7,CD8\IL2+CD154-_#_#1,CD8\IL2+CD154-_#_#2,CD8\IL2+CD154-_#_#7,CD8\IL2+CD154+_#_#1,CD8\IL2+CD154+_#_#2,CD8\IL2+CD154+_#_#7,CD8\IL2-CD154+_#_#1,CD8\IL2-CD154+_#_#2,CD8\IL2-CD154+_#_#7,CD8\IL2-CD154-_#_#1,CD8\IL2-CD154-_#_#2,CD8\IL2-CD154-_#_#7,CD8\IFN+_#_#1,CD8\IFN+_#_#2,CD8\IFN+_#_#7,CD8\TNF+_#_#1,CD8\TNF+_#_#2,CD8\TNF+_#_#7,CD8\IL2+_#_#1,CD8\IL2+_#_#2,CD8\IL2+_#_#7,CD8\CD154+_#_#1,CD8\CD154+_#_#2,CD8\CD154+_#_#7,CD3\IFN+TNF-_IFN_#1,CD3\IFN+TNF-_IFN_#2,CD3\IFN+TNF-_IFN_#7,CD3\IFN+TNF-_TNF_#1,CD3\IFN+TNF-_TNF_#2,CD3\IFN+TNF-_TNF_#7,CD3\IFN+TNF+_IFN_#1,CD3\IFN+TNF+_IFN_#2,CD3\IFN+TNF+_IFN_#7,CD3\IFN+TNF+_TNF_#1,CD3\IFN+TNF+_TNF_#2,CD3\IFN+TNF+_TNF_#7,CD3\IFN-TNF+_IFN_#1,CD3\IFN-TNF+_IFN_#2,CD3\IFN-TNF+_IFN_#7,CD3\IFN-TNF+_TNF_#1,CD3\IFN-TNF+_TNF_#2,CD3\IFN-TNF+_TNF_#7,CD3\IFN-TNF-_IFN_#1,CD3\IFN-TNF-_IFN_#2,CD3\IFN-TNF-_IFN_#7,CD3\IFN-TNF-_TNF_#1,CD3\IFN-TNF-_TNF_#2,CD3\IFN-TNF-_TNF_#7,CD3\IL2+CD154-_IL2_#1,CD3\IL2+CD154-_IL2_#2,CD3\IL2+CD154-_IL2_#7,CD3\IL2+CD154-_CD154_#1,CD3\IL2+CD154-_CD154_#2,CD3\IL2+CD154-_CD154_#7,CD3\IL2+CD154+_IL2_#1,CD3\IL2+CD154+_IL2_#2,CD3\IL2+CD154+_IL2_#7,CD3\IL2+CD154+_CD154_#1,CD3\IL2+CD154+_CD154_#2,CD3\IL2+CD154+_CD154_#7,CD3\IL2-CD154+_IL2_#1,CD3\IL2-CD154+_IL2_#2,CD3\IL2-CD154+_IL2_#7,CD3\IL2-CD154+_CD154_#1,CD3\IL2-CD154+_CD154_#2,CD3\IL2-CD154+_CD154_#7,CD3\IL2-CD154-_IL2_#1,CD3\IL2-CD154-_IL2_#2,CD3\IL2-CD154-_IL2_#7,CD3\IL2-CD154-_CD154_#1,CD3\IL2-CD154-_CD154_#2,CD3\IL2-CD154-_CD154_#7,CD3\IFN+_IFN_#1,CD3\IFN+_IFN_#2,CD3\IFN+_IFN_#7,CD3\IFN-_IFN_#1,CD3\IFN-_IFN_#2,CD3\IFN-_IFN_#7,CD3\TNF+_TNF_#1,CD3\TNF+_TNF_#2,CD3\TNF+_TNF_#7,CD3\TNF-_TNF_#1,CD3\TNF-_TNF_#2,CD3\TNF-_TNF_#7,CD3\IL2+_IL2_#1,CD3\IL2+_IL2_#2,CD3\IL2+_IL2_#7,CD3\IL2-_IL2_#1,CD3\IL2-_IL2_#2,CD3\IL2-_IL2_#7,CD3\CD154+_CD154_#1,CD3\CD154+_CD154_#2,CD3\CD154+_CD154_#7,CD3\CD154-_CD154_#1,CD3\CD154-_CD154_#2,CD3\CD154-_CD154_#7,CD4\IFN+TNF-_IFN_#1,CD4\IFN+TNF-_IFN_#2,CD4\IFN+TNF-_IFN_#7,CD4\IFN+TNF-_TNF_#1,CD4\IFN+TNF-_TNF_#2,CD4\IFN+TNF-_TNF_#7,CD4\IFN+TNF+_IFN_#1,CD4\IFN+TNF+_IFN_#2,CD4\IFN+TNF+_IFN_#7,CD4\IFN+TNF+_TNF_#1,CD4\IFN+TNF+_TNF_#2,CD4\IFN+TNF+_TNF_#7,CD4\IFN-TNF+_IFN_#1,CD4\IFN-TNF+_IFN_#2,CD4\IFN-TNF+_IFN_#7,CD4\IFN-TNF+_TNF_#1,CD4\IFN-TNF+_TNF_#2,CD4\IFN-TNF+_TNF_#7,CD4\IFN-TNF-_IFN_#1,CD4\IFN-TNF-_IFN_#2,CD4\IFN-TNF-_IFN_#7,CD4\IFN-TNF-_TNF_#1,CD4\IFN-TNF-_TNF_#2,CD4\IFN-TNF-_TNF_#7,CD4\IL2+CD154-_IL2_#1,CD4\IL2+CD154-_IL2_#2,CD4\IL2+CD154-_IL2_#7,CD4\IL2+CD154-_CD154_#1,CD4\IL2+CD154-_CD154_#2,CD4\IL2+CD154-_CD154_#7,CD4\IL2+CD154+_IL2_#1,CD4\IL2+CD154+_IL2_#2,CD4\IL2+CD154+_IL2_#7,CD4\IL2+CD154+_CD154_#1,CD4\IL2+CD154+_CD154_#2,CD4\IL2+CD154+_CD154_#7,CD4\IL2-CD154+_IL2_#1,CD4\IL2-CD154+_IL2_#2,CD4\IL2-CD154+_IL2_#7,CD4\IL2-CD154+_CD154_#1,CD4\IL2-CD154+_CD154_#2,CD4\IL2-CD154+_CD154_#7,CD4\IL2-CD154-_IL2_#1,CD4\IL2-CD154-_IL2_#2,CD4\IL2-CD154-_IL2_#7,CD4\IL2-CD154-_CD154_#1,CD4\IL2-CD154-_CD154_#2,CD4\IL2-CD154-_CD154_#7,CD4\IFN+_IFN_#1,CD4\IFN+_IFN_#2,CD4\IFN+_IFN_#7,CD4\IFN-_IFN_#1,CD4\IFN-_IFN_#2,CD4\IFN-_IFN_#7,CD4\TNF+_TNF_#1,CD4\TNF+_TNF_#2,CD4\TNF+_TNF_#7,CD4\TNF-_TNF_#1,CD4\TNF-_TNF_#2,CD4\TNF-_TNF_#7,CD4\IL2+_IL2_#1,CD4\IL2+_IL2_#2,CD4\IL2+_IL2_#7,CD4\IL2-_IL2_#1,CD4\IL2-_IL2_#2,CD4\IL2-_IL2_#7,CD4\CD154+_CD154_#1,CD4\CD154+_CD154_#2,CD4\CD154+_CD154_#7,CD4\CD154-_CD154_#1,CD4\CD154-_CD154_#2,CD4\CD154-_CD154_#7,CD8\IFN+TNF-_IFN_#1,CD8\IFN+TNF-_IFN_#2,CD8\IFN+TNF-_IFN_#7,CD8\IFN+TNF-_TNF_#1,CD8\IFN+TNF-_TNF_#2,CD8\IFN+TNF-_TNF_#7,CD8\IFN+TNF+_IFN_#1,CD8\IFN+TNF+_IFN_#2,CD8\IFN+TNF+_IFN_#7,CD8\IFN+TNF+_TNF_#1,CD8\IFN+TNF+_TNF_#2,CD8\IFN+TNF+_TNF_#7,CD8\IFN-TNF+_IFN_#1,CD8\IFN-TNF+_IFN_#2,CD8\IFN-TNF+_IFN_#7,CD8\IFN-TNF+_TNF_#1,CD8\IFN-TNF+_TNF_#2,CD8\IFN-TNF+_TNF_#7,CD8\IFN-TNF-_IFN_#1,CD8\IFN-TNF-_IFN_#2,CD8\IFN-TNF-_IFN_#7,CD8\IFN-TNF-_TNF_#1,CD8\IFN-TNF-_TNF_#2,CD8\IFN-TNF-_TNF_#7,CD8\IL2+CD154-_IL2_#1,CD8\IL2+CD154-_IL2_#2,CD8\IL2+CD154-_IL2_#7,CD8\IL2+CD154-_CD154_#1,CD8\IL2+CD154-_CD154_#2,CD8\IL2+CD154-_CD154_#7,CD8\IL2+CD154+_IL2_#1,CD8\IL2+CD154+_IL2_#2,CD8\IL2+CD154+_IL2_#7,CD8\IL2+CD154+_CD154_#1,CD8\IL2+CD154+_CD154_#2,CD8\IL2+CD154+_CD154_#7,CD8\IL2-CD154+_IL2_#1,CD8\IL2-CD154+_IL2_#2,CD8\IL2-CD154+_IL2_#7,CD8\IL2-CD154+_CD154_#1,CD8\IL2-CD154+_CD154_#2,CD8\IL2-CD154+_CD154_#7,CD8\IL2-CD154-_IL2_#1,CD8\IL2-CD154-_IL2_#2,CD8\IL2-CD154-_IL2_#7,CD8\IL2-CD154-_CD154_#1,CD8\IL2-CD154-_CD154_#2,CD8\IL2-CD154-_CD154_#7,CD8\IFN+_IFN_#1,CD8\IFN+_IFN_#2,CD8\IFN+_IFN_#7,CD8\IFN-_IFN_#1,CD8\IFN-_IFN_#2,CD8\IFN-_IFN_#7,CD8\TNF+_TNF_#1,CD8\TNF+_TNF_#2,CD8\TNF+_TNF_#7,CD8\TNF-_TNF_#1,CD8\TNF-_TNF_#2,CD8\TNF-_TNF_#7,CD8\IL2+_IL2_#1,CD8\IL2+_IL2_#2,CD8\IL2+_IL2_#7,CD8\IL2-_IL2_#1,CD8\IL2-_IL2_#2,CD8\IL2-_IL2_#7,CD8\CD154+_CD154_#1,CD8\CD154+_CD154_#2,CD8\CD154+_CD154_#7,CD8\CD154-_CD154_#1,CD8\CD154-_CD154_#2,CD8\CD154-_CD154_#7
1.12,74.90%,76.30%,71.60%,73.00%,73.30%,70.50%,58.90%,59.90%,57.30%,27.70%,26.40%,27.60%,0.03%,0.06%,2.36%,3.72E-05,0.55%,5.19%,0.05%,0.05%,6.55%,99.90%,99.30%,85.90%,0.24%,0.33%,0.86%,1.86E-05,0.04%,2.00%,0.02%,0.07%,25.70%,99.70%,99.60%,71.50%,0.03%,0.61%,7.55%,0.05%,0.60%,11.70%,0.24%,0.37%,2.86%,0.02%,0.11%,27.70%,0.03%,0.04%,1.94%,2.11E-05,0.16%,3.45%,0.04%,0.05%,9.93%,99.90%,99.80%,84.70%,0.22%,0.17%,0.65%,1.05E-05,0.06%,3.68%,0.04%,0.11%,39.20%,99.70%,99.70%,56.50%,0.04%,0.20%,5.39%,0.04%,0.21%,13.40%,0.22%,0.23%,4.33%,0.04%,0.17%,42.90%,0.03%,0.10%,4.81%,4.49E-05,1.57%,10.00%,0.06%,0.05%,0.88%,99.90%,98.30%,84.30%,0.15%,0.61%,1.75%,0%,4.94E-05,0.07%,0.02%,7.41E-05,0.80%,99.80%,99.40%,97.40%,0.04%,1.67%,14.80%,0.06%,1.62%,10.90%,0.15%,0.61%,1.82%,0.02%,0.01%,0.87%,221444,209653,192928,161083,153131,135459,94843,91719,77676,44556,40473,37347,47,95,3191,6,844,7024,80,79,8874,160950,152113,116370,379,509,1165,3,61,2703,30,106,34798,160671,152455,96793,53,939,10215,86,923,15898,382,570,3868,33,167,37501,31,37,1507,2,145,2678,36,41,7715,94774,91496,65776,205,160,508,1,56,2858,35,105,30443,94602,91398,43867,33,182,4185,38,186,10393,206,216,3366,36,161,33301,14,42,1796,2,637,3739,25,20,329,44515,39774,31483,65,245,653,0,2,25,9,3,297,44482,40223,36372,16,679,5535,27,657,4068,65,247,678,9,5,322,24.2,32.9,16.6,1.41,2.26,2.92,61.8,209,99.8,215,140,59.9,1.55,1.6,1.91,26.8,26.3,20.5,1.44,1.43,1.49,1.43,1.47,1.72,4.68,7.22,9.59,5.5,5.2,5.62,5.78,24.3,15.3,82.2,82.8,51.7,0.72,0.38,0.56,59.1,49.5,29.3,0.4,0.41,0.6,4.5,4.65,5.34,28.5,191,73.8,1.44,1.43,1.52,39.9,130,37.9,1.43,1.47,1.75,4.69,9.05,13.6,0.4,0.41,0.59,61.2,61.7,30.9,4.5,4.65,5.34,19.3,14,15.3,1.17,2.15,2.98,157,253,71.3,126,193,47,1.28,1.98,1.87,31.8,33.4,21.8,1.51,1.5,1.55,1.41,1.46,1.81,4.64,5.91,11,5.27,6.15,8.46,9.26,23.8,14.3,30.9,77.7,52.1,0.7,0.32,0.54,48.3,46.9,31.1,0.25,0.26,0.42,4.61,4.76,7.5,27.6,204,51.1,1.51,1.5,1.58,36.8,158,28.3,1.41,1.46,1.84,4.66,10.5,13.8,0.25,0.26,0.47,47.8,57.6,32.9,4.61,4.76,7.51,25.2,53.4,17.7,1.66,2.55,3.11,14.3,192,121,36.9,125,68.8,1.63,1.49,2.34,8.61,21,14.3,1.33,1.32,1.43,1.41,1.45,1.55,4.5,8.19,8.57,5.97,4.62,4.35,0,11.8,8.59,0,22.9,30.9,0.8,0.35,0.84,28.2,32.9,21.3,0.61,0.63,0.74,4.32,4.46,4.02,23.8,183,87.5,1.33,1.32,1.44,10.7,122,64.4,1.41,1.45,1.63,4.5,8.22,8.57,0.61,0.63,0.74,28.2,28.9,22,4.32,4.46,4.03
2.12,80.10%,81.50%,78.80%,72.60%,72.40%,67.60%,58.70%,58.40%,56.30%,27.40%,27.30%,27.10%,0.02%,0.04%,2.08%,3.16E-05,0.62%,5.44%,0.05%,0.07%,7.48%,99.90%,99.30%,85.00%,0.23%,0.39%,1.15%,1.58E-05,0.03%,1.94%,0.02%,0.08%,25.40%,99.80%,99.50%,71.60%,0.03%,0.66%,7.52%,0.05%,0.69%,12.90%,0.23%,0.42%,3.09%,0.02%,0.11%,27.30%,0.02%,0.02%,1.66%,1.35E-05,0.17%,3.51%,0.03%,0.05%,10.90%,99.90%,99.80%,83.90%,0.12%,0.12%,0.89%,1.35E-05,0.04%,5.62%,0.02%,0.11%,60.10%,99.90%,99.70%,33.40%,0.03%,0.19%,5.17%,0.03%,0.22%,14.40%,0.12%,0.16%,6.51%,0.02%,0.15%,65.70%,0.03%,0.10%,3.62%,0%,1.70%,10.50%,0.07%,0.06%,1.15%,99.90%,98.10%,84.70%,0.14%,0.60%,1.47%,0%,0%,0.05%,0.01%,0.02%,0.42%,99.90%,99.40%,98.10%,0.03%,1.80%,14.10%,0.07%,1.76%,11.70%,0.14%,0.60%,1.52%,0.01%,0.02%,0.47%,175311,203702,159697,126556,146772,107255,74317,85745,60369,34713,40030,29107,30,62,2228,4,908,5837,61,109,8026,126461,145693,91164,288,568,1229,2,39,2082,19,119,27196,126247,146046,76748,34,970,8065,65,1017,13863,290,607,3311,21,158,29278,18,15,1005,1,149,2119,24,40,6595,74274,85541,50650,91,99,540,1,34,3393,11,97,36252,74214,85515,20184,19,164,3124,25,189,8714,92,133,3933,12,131,39645,10,42,1055,0,682,3054,23,24,336,34680,39282,24662,47,242,429,0,0,15,5,7,122,34661,39781,28541,10,724,4109,23,706,3390,47,242,444,5,7,137,18.7,27.6,16,1.22,2.05,2.56,200,216,117,45.8,134,65.6,1.41,1.53,1.32,17.1,27.3,17.8,1.05,1.09,1.13,1.24,1.25,1.62,5.34,7.11,8.87,0.81,0.28,2.34,24.9,25.9,15.2,51,74.5,44.5,1.31,0.22,0.91,81.8,47.1,26,0.64,0.64,0.81,-0.13,-0.16,1.98,40,204,89.1,1.05,1.09,1.15,18.9,123,37.9,1.24,1.25,1.64,5.47,8.32,12.9,0.64,0.64,0.84,78.9,53.9,27.3,-0.13,-0.16,1.99,24.2,12.4,15.1,1.5,1.81,2.76,140,224,83.3,5.55,170,49.6,1.3,1.36,1.27,10.1,27.9,20,0.93,0.95,0.99,1.21,1.22,1.74,5.8,6.03,4.9,0.97,0.6,1.91,6.93,26.1,10.8,48.7,76.7,36.8,1.59,0.22,0.84,38.2,44.6,20.5,0.61,0.61,0.76,-0.13,-0.15,1.89,30.3,205,61.4,0.93,0.95,1.02,9.92,140,27.2,1.21,1.22,1.76,5.81,11.2,9.99,0.61,0.61,0.81,39.1,52.9,21.9,-0.13,-0.15,1.89,14.3,36.1,18.3,1.5,2.47,2.54,0,211,138,0,124,73.6,1.32,2.11,2.29,30.1,62.2,9.81,1.22,1.27,1.33,1.25,1.27,1.48,4.68,9.71,10.3,0.5,-0.03,1.06,0,0,14.1,0,0,45.5,1.07,0.89,0.61,217,40.3,31.3,0.67,0.67,0.82,-0.17,-0.18,0.84,14.3,201,107,1.22,1.27,1.34,30.1,122,67.3,1.25,1.27,1.52,4.68,9.71,10.4,0.67,0.67,0.82,217,40.3,32.9,-0.17,-0.18,0.84
3.12,81.40%,82.20%,78.30%,72.60%,73.00%,70.00%,57.50%,58.70%,54.80%,28.70%,27.70%,28.30%,0.01%,0.05%,2.65%,1.81E-05,0.59%,6.13%,0.04%,0.06%,6.42%,99.90%,99.30%,84.80%,0.17%,0.56%,3.00%,9.04E-06,0.06%,2.72%,7.23E-05,0.02%,19.30%,99.80%,99.40%,75.00%,0.02%,0.64%,8.78%,0.04%,0.65%,12.60%,0.17%,0.62%,5.72%,0.01%,0.08%,22.00%,0.02%,0.03%,2.20%,1.57E-05,0.17%,4.23%,0.03%,0.05%,11.00%,99.90%,99.80%,82.50%,0.13%,0.12%,1.57%,1.57E-05,0.10%,4.20%,7.86E-05,0.03%,23.20%,99.90%,99.70%,71.00%,0.02%,0.20%,6.43%,0.03%,0.22%,15.20%,0.13%,0.22%,5.77%,0.01%,0.13%,27.40%,6.31E-05,0.10%,4.18%,3.15E-05,1.71%,12.00%,0.03%,0.06%,1.22%,100.00%,98.10%,82.60%,0.17%,1.58%,7.01%,0%,0%,0.22%,6.31E-05,8.54E-05,0.48%,99.80%,98.40%,92.30%,0.01%,1.81%,16.20%,0.04%,1.77%,13.20%,0.17%,1.58%,7.23%,0.01%,0.01%,0.70%,152799,174201,115454,110638,126758,80511,63637,74440,44118,31704,35142,22791,16,62,2132,2,747,4935,40,72,5166,110580,125877,68278,186,711,2412,1,78,2192,8,28,15506,110443,125941,60401,18,809,7067,42,819,10101,187,789,4604,9,106,17698,13,22,970,1,124,1868,20,35,4863,63603,74259,36417,81,92,694,1,74,1852,5,23,10254,63550,74251,31318,14,146,2838,21,159,6731,82,166,2546,6,97,12106,2,34,953,1,600,2732,10,22,277,31691,34486,18829,54,555,1598,0,0,51,2,3,109,31648,34584,21033,3,634,3685,11,622,3009,54,555,1649,2,3,160,15.8,48.3,16.9,3.12,3.5,5.32,99.5,224,118,52.6,216,104,0.71,1.64,1.4,59.2,65,34.7,1.02,1.2,1.24,2.86,2.62,3.59,9.76,15.2,13.9,11.3,4.37,5.89,4.67,37.3,19,278,72.1,57.1,1.76,1.94,1.68,86,141,38.3,1.09,1.05,1.37,8.07,7.88,8.73,25.1,211,87.5,1.02,1.2,1.25,58.9,203,68.6,2.86,2.62,3.64,9.73,17.4,16.3,1.09,1.05,1.43,107,90.3,40.6,8.08,7.86,8.62,15.6,18.5,14.1,2.58,1.87,5.17,184,283,85.9,18.4,322,84.4,0.37,1.43,1.27,59.6,67.4,34.3,0.83,1.02,1.05,2.79,2.54,3.68,10.7,11.9,14.9,11.6,12.2,15.6,4.67,38.3,19.4,278,74,62.2,1.73,2.1,1.72,118,130,46.5,1.09,1.04,1.39,8.22,8.04,12.5,27.6,243,61.4,0.83,1.02,1.08,57.6,266,48.2,2.79,2.54,3.72,10.6,23.7,18.2,1.09,1.04,1.47,145,87.3,48.9,8.22,8.05,12.6,8.15,63.3,18.4,4.8,4.76,5.21,15.2,211,133,86.8,193,109,0.97,1.66,2.38,70.6,90.8,21.4,1.27,1.46,1.49,2.86,2.65,3.29,6.42,16.1,14.1,11.5,2.59,3.9,0,0,13.7,0,0,32.1,1.7,0.18,2,35.9,291,27.1,1.09,1.07,1.47,7.81,7.6,6.83,10.5,203,103,1.27,1.46,1.5,72.1,189,101,2.86,2.65,3.38,6.42,16.1,14.1,1.09,1.07,1.47,35.9,291,28.7,7.82,7.52,6.62
4.12,85.10%,85.60%,79.30%,70.80%,71.20%,65.40%,57.20%,58.00%,51.90%,29.40%,27.70%,30.60%,0.01%,0.04%,3.18%,9.45E-06,0.66%,7.19%,0.03%,0.05%,7.76%,100.00%,99.20%,81.90%,0.24%,0.49%,1.99%,2.84E-05,0.07%,3.62%,0.02%,0.09%,27.70%,99.70%,99.40%,66.70%,0.02%,0.70%,10.40%,0.03%,0.71%,14.90%,0.24%,0.56%,5.61%,0.02%,0.15%,31.30%,0.02%,0.02%,3.12%,0%,0.21%,5.33%,0.02%,0.04%,12.60%,100.00%,99.70%,78.90%,0.10%,0.15%,1.16%,1.65E-05,0.10%,6.40%,0.04%,0.13%,44.90%,99.90%,99.60%,47.50%,0.02%,0.23%,8.45%,0.02%,0.25%,17.90%,0.10%,0.25%,7.56%,0.04%,0.23%,51.30%,0.01%,0.07%,4.97%,3.21E-05,1.84%,13.10%,0.05%,0.06%,1.06%,99.90%,98.00%,80.90%,0.17%,0.89%,3.60%,3.21E-05,0%,0.15%,0.04%,0.06%,0.92%,99.80%,99.00%,95.30%,0.02%,1.91%,18.10%,0.05%,1.90%,14.20%,0.17%,0.89%,3.75%,0.04%,0.06%,1.07%,150302,193087,105097,105802,136309,67996,60526,79026,35279,31107,37812,20816,15,53,2160,1,902,4891,29,74,5275,105757,135280,55670,253,664,1356,3,93,2463,22,119,18832,105524,135433,45345,16,955,7051,30,976,10166,256,757,3819,25,212,21295,12,17,1100,0,164,1879,12,35,4462,60502,78810,27838,63,115,409,1,79,2258,22,105,15840,60440,78727,16772,12,181,2979,12,199,6341,64,194,2667,23,184,18098,4,26,1035,1,694,2724,14,23,221,31088,37069,16836,54,338,750,1,0,31,11,23,191,31041,37451,19844,5,720,3759,15,717,2945,55,338,781,12,23,222,27.8,38.1,20.8,1.99,3.15,5.07,8.26,249,148,63.9,237,106,1.33,1.31,1.5,49.1,51.5,33.3,1.1,1.13,1.34,2.33,2.45,3.49,6.2,8.5,11.1,3.32,1.98,3.97,4.87,27.9,19.7,59.5,77.5,58.4,1.32,0.97,1.41,32.3,45,36.9,0.9,0.95,1.17,0.77,0.92,3.92,26.6,237,109,1.1,1.13,1.35,49.6,223,68.3,2.33,2.45,3.55,6.18,10.9,16.6,0.9,0.95,1.24,35.6,59.3,39.4,0.78,0.93,3.92,16.6,20.6,16.8,2.23,2.6,5.22,0,300,108,0,354,82.4,0.71,1.33,1.4,51.8,73.5,35.8,0.96,0.99,1.15,2.26,2.36,3.71,6.66,8.25,13.9,3.01,4.09,9.85,4.78,29,20.2,16.3,81.9,61.1,1.51,1.04,1.43,27.1,38.9,40.7,0.89,0.94,1.22,0.75,0.91,7.91,16.6,274,74.3,0.96,0.99,1.18,51.8,305,49.6,2.26,2.36,3.77,6.63,16.7,19.2,0.89,0.94,1.32,26.6,57.4,43.2,0.75,0.91,7.96,4.35,49.2,23,2.84,3.6,4.87,4.77,227,176,42.1,198,121,1.5,1.64,2.41,50.7,40.5,16.7,1.28,1.32,1.52,2.36,2.49,3.24,5.26,9.32,11.3,3.17,0.33,2.03,7.95,0,10.2,14.9,0,31,1.2,1.46,1.55,22.4,28.7,24.5,0.92,0.98,1.21,0.74,0.87,2.76,4.43,221,134,1.28,1.32,1.53,50.1,193,113,2.36,2.49,3.33,5.31,9.32,11.3,0.92,0.98,1.21,21.8,28.7,25.4,0.74,0.87,2.73
5.12,82.60%,83.80%,80.00%,72.90%,74.80%,69.80%,61.10%,61.60%,58.40%,26.50%,26.30%,26.90%,0.03%,0.05%,2.18%,2.26E-05,0.57%,5.39%,0.06%,0.09%,7.02%,99.90%,99.30%,85.40%,0.11%,0.58%,3.15%,7.52E-06,0.08%,3.26%,0.02%,0.02%,28.60%,99.90%,99.30%,64.90%,0.03%,0.62%,7.57%,0.06%,0.65%,12.40%,0.11%,0.65%,6.41%,0.02%,0.10%,31.90%,0.04%,0.03%,1.61%,0%,0.15%,3.48%,0.05%,0.06%,12.00%,99.90%,99.80%,82.90%,0.08%,0.12%,0.95%,0%,0.11%,4.38%,8.61E-05,0.02%,38.00%,99.90%,99.70%,56.70%,0.04%,0.18%,5.09%,0.05%,0.20%,15.50%,0.08%,0.23%,5.33%,0.01%,0.13%,42.40%,0.02%,0.09%,4.01%,0%,1.76%,11.60%,0.04%,0.09%,0.91%,99.90%,98.10%,83.40%,0.12%,1.69%,7.55%,0%,4.96E-05,0.21%,8.50E-05,9.93E-05,0.52%,99.90%,98.30%,91.70%,0.02%,1.85%,15.60%,0.04%,1.85%,12.50%,0.12%,1.69%,7.76%,0.01%,0.02%,0.73%,183176,205785,153930,133020,153189,106648,81316,94330,62332,35302,40282,28736,34,80,2326,3,875,5746,79,130,7485,132904,152104,91091,145,888,3359,1,115,3482,23,37,30540,132851,152149,69267,37,955,8072,82,1005,13231,146,1003,6841,24,152,34022,29,30,1002,0,142,2169,38,52,7463,81249,94106,51698,64,115,595,0,106,2728,7,22,23658,81245,94087,35351,29,172,3171,38,194,9632,64,221,3323,7,128,26386,8,38,1153,0,710,3345,14,35,262,35280,39499,23976,42,679,2170,0,2,61,3,4,148,35257,39597,26357,8,748,4498,14,745,3607,42,681,2231,3,6,209,12.5,33.5,17.3,1.75,2.3,3.19,195,214,122,39,171,86.1,0.82,1.06,1.03,51.4,20.1,23.3,0.94,0.95,0.99,1.46,1.49,1.86,6.7,12.1,10.3,7.15,5.73,5.43,7.88,28.5,14.5,28.6,66.5,45.2,1.12,1.47,1.12,31.7,34.3,28.6,0.81,0.86,0.98,6.92,7.07,6.28,27.3,199,91.8,0.94,0.95,0.99,50.9,151,50.6,1.46,1.49,1.89,6.71,14,12.4,0.81,0.86,1.02,31.6,58.7,30.3,6.92,7.06,6.24,9.06,20.9,13.9,1.44,1.54,3.05,0,277,80.9,0,249,60.5,0.41,0.68,0.92,69.4,26.5,22.6,0.76,0.77,0.78,1.43,1.46,1.95,6.41,8.12,12.7,8.07,8.91,10.4,0,29,16.3,0,69.6,49.2,1.22,1.44,1.17,41.1,41.1,33,0.82,0.86,0.99,7.18,7.3,8.93,9.06,232,59.7,0.76,0.77,0.8,69.4,189,31.1,1.43,1.46,1.97,6.41,18.1,15.7,0.82,0.86,1.06,41.1,64.7,34.7,7.18,7.3,8.95,15.3,48.6,17.4,1.55,3.05,2.82,0,200,139,0,155,93.7,1.19,1.38,2.06,76.7,16,12.4,1.22,1.23,1.28,1.45,1.48,1.57,4.82,13.3,11.3,6.35,5.15,4.84,0,35.9,12.9,0,25,29.9,1.81,1.04,1.37,43.8,28.6,24,0.81,0.86,1.05,6.49,6.65,5.09,15.3,192,108,1.22,1.23,1.29,76.7,148,87.8,1.45,1.48,1.63,4.82,13.4,11.3,0.81,0.86,1.05,43.8,27.4,25.7,6.49,6.62,5.07
6.12,84.10%,85.10%,80.00%,73.40%,74.40%,68.50%,59.30%,60.40%,53.70%,27.50%,26.80%,28.50%,0.02%,0.04%,2.64%,3.57E-05,0.57%,6.14%,0.03%,0.06%,8.36%,99.90%,99.30%,82.90%,0.24%,0.54%,2.04%,1.43E-05,0.06%,4.11%,0.09%,0.11%,27.80%,99.70%,99.30%,66.00%,0.03%,0.61%,8.78%,0.03%,0.63%,14.50%,0.24%,0.60%,6.15%,0.09%,0.17%,31.90%,0.02%,8.42E-05,2.04%,2.40E-05,0.15%,4.42%,0.01%,0.04%,15.10%,100.00%,99.80%,78.40%,0.16%,0.11%,1.29%,2.40E-05,0.07%,7.17%,0.07%,0.12%,49.80%,99.80%,99.70%,41.70%,0.02%,0.16%,6.46%,0.02%,0.19%,19.50%,0.16%,0.18%,8.46%,0.07%,0.19%,57.00%,0.03%,0.10%,4.47%,2.59E-05,1.65%,11.80%,0.03%,0.08%,0.97%,99.90%,98.20%,82.70%,0.25%,0.88%,3.87%,0%,4.21E-05,0.20%,0.07%,0.07%,1.19%,99.70%,99.10%,94.70%,0.03%,1.75%,16.30%,0.03%,1.73%,12.80%,0.25%,0.88%,4.07%,0.07%,0.07%,1.39%,191523,238807,169553,140229,176908,115312,83173,106928,61870,38632,47461,32825,32,70,3039,5,1012,7076,38,104,9643,140154,175722,95554,340,948,2354,2,104,4736,128,194,32090,139759,175662,76132,37,1082,10115,43,1116,16719,342,1052,7090,130,298,36826,18,9,1261,2,164,2736,12,42,9360,83141,106713,48513,129,117,796,2,75,4437,60,126,30832,82982,106610,25805,20,173,3997,14,206,12096,131,192,5233,62,201,35269,10,47,1466,1,782,3886,11,37,319,38610,46595,27154,97,416,1270,0,2,66,25,32,392,38510,47011,31097,11,829,5352,12,819,4205,97,418,1336,25,34,458,16.8,38.1,19.8,1.18,2.44,2.72,41.6,238,147,371,171,86.5,1.09,1.65,1.19,15.6,32.8,22.4,1.02,1.12,1.16,1.22,1.2,1.66,4.47,6.13,10.2,0.54,0.46,2.79,7.86,24.3,16.3,52.3,72.3,49.7,0.89,0.6,0.98,14.4,28.7,31.8,0.66,0.68,0.84,-0.22,-0.23,1.75,20.2,225,109,1.02,1.12,1.16,56.9,158,49.5,1.22,1.2,1.69,4.49,7.93,14.3,0.66,0.68,0.88,15,43.9,34.1,-0.22,-0.23,1.78,12.6,27.4,17.7,1.3,1.47,2.72,17.8,288,103,789,241,61.3,0.83,1.41,1.13,20.1,63.3,22.3,0.87,0.97,0.98,1.18,1.14,1.76,4.26,5.26,12.6,0.66,0.68,5.12,7.86,25,16.7,52.3,73,50.4,0.97,0.64,0.99,16.4,33,32.4,0.65,0.68,0.87,-0.23,-0.23,4.19,13.1,274,76.1,0.87,0.97,1,130,205,31.1,1.18,1.14,1.78,4.31,13,16.1,0.65,0.68,0.94,17.6,47.9,34.7,-0.23,-0.23,4.22,24.9,45.8,20,1.12,2.7,2.43,121,219,168,144,147,94.2,1.29,2.06,2.03,12.8,12.4,11.5,1.23,1.36,1.36,1.25,1.24,1.45,3.8,8.46,9.24,0,0.49,1.56,0,32.1,12,0,52.7,33.2,0.67,0.7,0.96,15.5,13.8,19.3,0.66,0.69,0.84,-0.23,-0.26,0.71,33.6,209,127,1.23,1.36,1.37,23.7,141,87.9,1.25,1.24,1.5,3.8,8.57,9.38,0.66,0.69,0.84,15.5,16.1,21.3,-0.23,-0.25,0.74
7.12,82.30%,84.80%,74.20%,73.90%,74.30%,64.50%,59.60%,60.00%,55.50%,27.90%,26.60%,28.40%,0.03%,0.04%,3.27%,3.01E-05,0.55%,7.84%,0.05%,0.05%,8.98%,99.90%,99.40%,79.90%,0.17%,0.47%,2.74%,7.54E-06,0.08%,6.31%,8.29E-05,0.05%,36.60%,99.80%,99.40%,54.40%,0.04%,0.59%,11.10%,0.05%,0.60%,16.80%,0.17%,0.55%,9.05%,0.01%,0.12%,42.90%,0.02%,0.02%,3.12%,1.27E-05,0.18%,5.58%,0.04%,0.04%,14.40%,99.90%,99.80%,76.90%,0.09%,0.12%,1.64%,0%,0.12%,11.30%,0.01%,0.06%,50.10%,99.90%,99.70%,37.00%,0.02%,0.20%,8.70%,0.04%,0.22%,20.00%,0.09%,0.24%,12.90%,0.01%,0.18%,61.40%,0.02%,0.11%,5.82%,2.70E-05,1.56%,14.30%,0.06%,0.05%,0.58%,99.90%,98.30%,79.30%,0.14%,1.18%,6.65%,0%,8.44E-05,0.24%,8.11E-05,0.02%,1.19%,99.80%,98.80%,91.90%,0.02%,1.67%,20.10%,0.07%,1.61%,14.90%,0.14%,1.19%,6.89%,0.01%,0.02%,1.43%,180460,240850,137501,132701,178142,87989,79048,106949,48803,36996,47382,25021,42,79,2879,4,971,6895,62,90,7898,132593,177002,70317,224,829,2410,1,135,5549,11,84,32174,132465,177094,47856,46,1050,9774,66,1061,14793,225,964,7959,12,219,37723,18,20,1525,1,196,2721,28,40,7009,79001,106693,37548,68,124,800,0,129,5512,10,67,24436,78970,106629,18055,19,216,4246,29,236,9730,68,253,6312,10,196,29948,7,50,1457,1,738,3577,23,22,145,36965,46572,19842,53,558,1663,0,4,59,3,7,297,36940,46813,23002,8,788,5034,24,760,3722,53,562,1722,3,11,356,11.7,42.4,22.3,1.97,3.01,3.57,260,286,171,30.9,205,112,1.28,1.57,1.63,23.9,38.7,29.6,1.28,1.4,1.36,1.76,1.69,2.39,5.53,9.07,10.6,6.07,2.73,2.82,4.1,29.9,18.7,197,70,51.2,0.13,1.19,0.92,37.2,59.4,31.9,0.55,0.5,0.88,3.78,3.54,4.61,33.3,268,127,1.28,1.4,1.39,24.3,191,68,1.76,1.69,2.44,5.52,12,16.2,0.55,0.5,0.9,50.5,65.9,34.7,3.78,3.54,4.52,17.9,17.8,18.9,1.86,1.98,3.8,998,349,124,19.6,306,78.5,1.27,1.6,1.59,38.4,45,31.5,1.34,1.46,1.38,1.76,1.67,2.65,6.47,5.39,12.9,6.36,6.59,9.53,0,28.6,17.7,0,70.5,54,0.09,1.11,0.89,39.4,53.3,37.1,0.45,0.39,0.74,3.84,3.61,8.49,69.5,318,86.3,1.34,1.46,1.41,37.8,262,44.6,1.76,1.67,2.69,6.47,17.2,17.1,0.45,0.39,0.83,39.4,64.6,40.2,3.84,3.61,8.53,8.46,55.7,23.7,2.4,3.39,3.33,19.7,265,211,9.89,175,137,1.29,1.44,1.69,14.1,24.7,14.3,1.2,1.31,1.32,1.72,1.66,2.05,4.86,10.7,10.9,6.02,1.32,1.98,0,34.3,12.2,0,66.2,29.9,1.17,0.82,1.21,15.3,98.6,22.5,0.7,0.67,1,3.65,3.41,3.99,9.87,252,157,1.2,1.31,1.32,13.9,171,132,1.72,1.66,2.14,4.86,10.9,10.9,0.7,0.67,1,15.3,86.8,23.7,3.65,3.39,3.85
8.12,81.80%,83.20%,77.20%,73.10%,73.70%,63.70%,58.00%,59.30%,53.60%,27.70%,27.20%,28.40%,0.03%,0.04%,3.78%,5.25E-05,0.68%,8.19%,0.04%,0.05%,8.49%,99.90%,99.20%,79.50%,0.34%,0.45%,2.14%,4.50E-05,0.07%,6.13%,0.04%,0.08%,32.60%,99.60%,99.40%,59.10%,0.03%,0.72%,12.00%,0.05%,0.73%,16.70%,0.34%,0.52%,8.27%,0.04%,0.15%,38.70%,0.03%,0.04%,3.72%,3.88E-05,0.22%,6.36%,0.03%,0.05%,14.70%,99.90%,99.70%,75.20%,0.12%,0.12%,1.75%,1.29E-05,0.11%,12.90%,0.05%,0.12%,54.50%,99.80%,99.70%,30.90%,0.03%,0.26%,10.10%,0.03%,0.27%,21.10%,0.12%,0.23%,14.70%,0.05%,0.23%,67.40%,0.03%,0.04%,5.77%,2.71E-05,1.86%,14.60%,0.05%,0.03%,0.66%,99.90%,98.10%,79.00%,0.26%,0.97%,4.27%,0%,0%,0.21%,0.04%,0.02%,1.78%,99.70%,99.00%,93.70%,0.04%,1.90%,20.40%,0.05%,1.89%,15.30%,0.26%,0.97%,4.48%,0.04%,0.02%,1.99%,183974,207835,137874,133336,151635,86422,77276,89880,46359,36905,41294,24557,34,57,3265,7,1035,7077,55,75,7336,133240,150468,68744,457,679,1850,6,111,5294,52,123,28188,132821,150722,51090,41,1092,10342,62,1110,14413,463,790,7144,58,234,33482,20,32,1726,3,200,2950,23,43,6814,77230,89605,34869,91,104,812,1,101,5964,37,106,25279,77147,89569,14304,23,232,4676,26,243,9764,92,205,6776,38,207,31243,12,15,1418,1,769,3574,17,14,161,36875,40496,19404,95,401,1049,0,0,52,15,8,438,36795,40885,23018,13,784,4992,18,783,3735,95,401,1101,15,8,490,21,40.3,24.4,1.86,2.82,4.2,152,300,183,80.5,225,116,1.1,1.46,1.34,49.9,41.8,32.1,1,1.07,1.23,1.85,1.96,2.87,5.58,10.2,13.2,2.48,1.21,3.22,16.5,31.4,21.7,56.4,66,55.2,0.91,0.44,1.19,31,44.8,37.6,0.67,0.72,0.99,0.16,0.32,3.02,43.4,286,133,1,1.07,1.24,53.4,213,73.3,1.85,1.96,2.93,5.72,13.2,19.5,0.67,0.72,1.06,33.6,54.9,40.4,0.17,0.32,3.03,19.2,27,21.1,1.85,2.63,4.24,346,319,140,162,332,84.4,0.86,1.3,1.27,71.5,49,32.7,0.9,0.96,1.07,1.8,1.91,3.06,6.67,9.13,14.9,2.57,3.35,7.43,4.61,31.5,19.1,22.2,67.4,55.1,0.87,0.52,1.13,30.3,43.6,38.9,0.65,0.7,1,0.13,0.31,6.56,61.8,279,96.1,0.9,0.96,1.1,81.9,282,48.3,1.8,1.91,3.12,6.65,20.2,18.6,0.65,0.7,1.08,30.1,55.2,42,0.13,0.31,6.61,6.72,65.9,24,1.67,3.19,3.84,4.48,286,214,9.73,190,132,1.33,1.9,1.94,11.3,18.6,14.9,1.15,1.23,1.36,1.86,1.98,2.55,4.68,11.6,11.5,2.07,0.03,1.36,0,0,10.4,0,0,26.2,0.78,0.6,1.18,12,44.3,21.7,0.7,0.75,1.01,0.14,0.28,2.03,6.55,282,160,1.15,1.23,1.36,11.2,187,127,1.86,1.98,2.64,4.68,11.6,11.4,0.7,0.75,1.01,12,44.3,22.2,0.14,0.28,2
9.12,73.70%,81.40%,71.20%,73.70%,74.30%,70.10%,58.90%,59.50%,55.60%,28.10%,27.10%,28.50%,0.03%,0.06%,2.55%,3.41E-05,0.58%,5.55%,0.06%,0.07%,6.58%,99.90%,99.30%,85.30%,0.25%,0.41%,1.44%,0%,0.06%,2.45%,9.39E-05,0.06%,31.60%,99.70%,99.50%,64.50%,0.03%,0.64%,8.10%,0.06%,0.65%,12.10%,0.25%,0.46%,3.89%,0.01%,0.11%,34.10%,0.03%,0.03%,2.10%,0%,0.18%,3.76%,0.05%,0.05%,11.90%,99.90%,99.70%,82.20%,0.20%,0.15%,0.98%,0%,0.09%,4.23%,4.35E-05,0.08%,39.00%,99.80%,99.70%,55.80%,0.03%,0.21%,5.86%,0.05%,0.23%,15.70%,0.20%,0.24%,5.21%,0.00%,0.17%,43.20%,0%,0.10%,4.83%,0%,1.72%,11.60%,0.08%,0.07%,0.64%,99.90%,98.10%,83.00%,0.21%,1.05%,2.88%,3.04E-05,2.20E-05,0.09%,0.03%,6.59E-05,0.66%,99.80%,98.90%,96.40%,0.00%,1.81%,16.40%,0.08%,1.79%,12.20%,0.21%,1.05%,2.97%,0.03%,0.01%,0.75%,162652,229921,160955,117171,167591,109545,69012,99681,60890,32872,45500,31249,30,93,2788,4,977,6079,72,112,7211,117065,166409,93467,293,692,1578,0,92,2689,11,96,34590,116867,166711,70688,34,1070,8867,76,1089,13290,293,784,4267,11,188,37279,23,31,1277,0,176,2291,33,52,7265,68956,99422,50057,137,151,597,0,92,2575,3,77,23728,68872,99361,33990,23,207,3568,33,228,9556,137,243,3172,3,169,26303,0,43,1510,0,781,3611,25,30,200,32847,44646,25928,69,479,901,1,1,29,10,3,206,32792,45017,30113,0,824,5121,25,811,3811,70,480,930,11,4,235,17.3,25.2,17.6,1.89,2.65,3.07,6.06,206,114,37,155,78.1,1.17,1.74,1.76,33.6,18.1,23.2,1.25,1.32,1.49,1.39,1.34,1.64,5.32,7.67,8.49,5.03,2.95,3.48,0,20.4,13.7,0,70.7,47.4,0.83,0.99,0.71,61,42.5,27.8,0.57,0.52,0.73,3.78,3.68,4.3,16,190,83.7,1.25,1.32,1.51,33.8,141,48.3,1.39,1.34,1.68,5.32,9.16,11.8,0.57,0.52,0.72,61,56.3,29.2,3.78,3.68,4.28,10.1,9.51,14.9,1.85,1.78,2.9,0,270,80.4,0,222,57.1,1.02,1.72,1.7,16.9,23.8,22.5,1.3,1.36,1.5,1.37,1.31,1.75,5.33,5.1,10.2,5.06,4.64,9.32,0,19.9,13.3,0,70.1,50.4,0.52,0.88,0.71,167,46.4,34.2,0.47,0.4,0.58,3.85,3.78,8.05,10.1,231,57,1.3,1.36,1.53,16.9,177,30.8,1.37,1.31,1.78,5.33,10.7,12.7,0.47,0.4,0.63,167,59.3,35.8,3.85,3.78,8.07,0,41,17.7,0,3.13,2.93,0,189,134,0,139,89.3,1.25,1.51,2.35,28.2,12.5,13.8,1.17,1.25,1.47,1.38,1.33,1.37,5.14,8.47,9.08,5.84,2.29,2.61,3.77,14.9,9.85,14.5,49.7,29.2,1.15,1.77,1.2,18.9,30.1,23.4,0.72,0.69,0.87,3.63,3.49,3.36,0,181,99.7,1.17,1.25,1.48,28.2,134,85.3,1.38,1.33,1.46,5.12,8.48,9.1,0.72,0.69,0.87,18.5,35,24.1,3.63,3.48,3.34
10.12,86.40%,86.00%,81.30%,77.20%,74.80%,70.80%,60.50%,60.50%,56.80%,26.90%,26.90%,27.90%,0.01%,0.03%,1.89%,3.71E-05,0.58%,5.77%,0.04%,0.07%,7.83%,99.90%,99.30%,84.50%,0.44%,0.53%,1.93%,3.09E-05,0.04%,3.02%,0.10%,0.10%,25.50%,99.50%,99.30%,69.50%,0.02%,0.61%,7.66%,0.04%,0.65%,13.60%,0.44%,0.57%,4.95%,0.10%,0.14%,28.50%,0.03%,0.01%,1.58%,1.02E-05,0.13%,4.05%,0.03%,0.04%,13.40%,99.90%,99.80%,81.00%,0.12%,0.12%,1.16%,1.02E-05,0.05%,4.47%,0.07%,0.11%,39.80%,99.80%,99.70%,54.60%,0.03%,0.14%,5.63%,0.03%,0.17%,17.40%,0.12%,0.17%,5.63%,0.07%,0.16%,44.30%,0.03%,0.08%,3.63%,4.59E-05,1.77%,11.70%,0.05%,0.10%,0.98%,99.90%,98.10%,83.70%,0.36%,0.88%,2.94%,4.59E-05,2.49E-05,0.08%,0.10%,0.06%,0.68%,99.50%,99.10%,96.30%,0.03%,1.84%,15.30%,0.05%,1.87%,12.70%,0.36%,0.88%,3.02%,0.10%,0.06%,0.76%,211154,201000,180739,161846,149377,126992,97897,90357,72102,43569,40122,35473,21,44,2402,6,861,7330,56,100,9946,161763,148372,107314,715,788,2446,5,55,3837,157,153,32442,160969,148381,88267,27,905,9732,62,961,17276,720,843,6283,162,208,36279,25,13,1138,1,118,2919,24,36,9645,97847,90190,58400,118,110,837,1,46,3226,68,98,28662,97710,90103,39377,26,131,4057,25,154,12564,119,156,4063,69,144,31888,12,30,1288,2,710,4140,21,39,347,43534,39343,29698,155,355,1042,2,1,27,43,22,241,43369,39744,34163,14,740,5428,23,749,4487,157,356,1069,45,23,268,27.2,27.5,16,1.44,1.8,2.8,53.9,190,104,138,146,69,1.43,1.8,1.21,10.8,26.5,19.7,1.06,0.98,1.07,1.29,1.26,1.72,5.17,6.11,7.66,0.43,0.05,1.88,5.86,21.1,12.4,23,57.6,37.3,1.03,0.68,1.06,16.7,0,22.3,0.79,0.76,0.93,-0.38,-0.45,1.48,33.1,182,82.3,1.06,0.98,1.08,23.1,134,40.6,1.29,1.26,1.74,5.17,7.09,10.6,0.79,0.76,0.96,16.9,57.6,23.9,-0.38,-0.45,1.49,14.4,7.95,12.2,1.48,0.96,2.69,284,221,71.6,6.95,230,49.4,1.31,1.74,1.1,10.7,40.2,19.4,0.94,0.86,0.91,1.25,1.22,1.77,5.18,5.21,11,0.44,0.75,4.21,3.81,23,13.6,14.4,60.8,39.4,1.07,0.76,1.1,22.1,29.8,24.2,0.78,0.76,0.94,-0.4,-0.46,3.45,24.8,200,54.9,0.94,0.86,0.94,10.5,186,26.4,1.25,1.22,1.79,5.17,10.5,13.1,0.78,0.76,1.01,22,39.7,25.7,-0.4,-0.46,3.47,7.71,30.3,17.6,2.44,2.07,2.75,6.22,180,122,170,126,79.2,1.48,1.69,2.09,10.4,16.5,11.4,1.25,1.17,1.26,1.32,1.28,1.53,4.32,7.73,7.55,0.34,-0.26,0.91,3.69,4.83,6.93,41.1,17.2,21.9,1.07,0.81,0.87,10.9,0,17.2,0.78,0.77,0.93,-0.4,-0.47,0.58,7.5,174,97.2,1.25,1.17,1.27,24.3,120,74,1.32,1.28,1.58,4.31,7.72,7.53,0.78,0.77,0.93,12.2,17.2,17.7,-0.4,-0.47,0.59
11.12,85.20%,86.50%,81.60%,74.00%,73.60%,70.80%,58.80%,59.50%,56.20%,28.00%,27.70%,27.90%,7.76E-05,0.04%,2.33%,0%,0.64%,6.16%,0.02%,0.08%,6.74%,100.00%,99.20%,84.80%,0.24%,0.51%,1.98%,2.59E-05,0.07%,2.71%,8.63E-05,0.04%,19.30%,99.70%,99.40%,76.10%,0.01%,0.68%,8.49%,0.02%,0.72%,12.90%,0.24%,0.58%,4.69%,0.01%,0.11%,22.00%,7.34E-05,0.02%,1.77%,0%,0.17%,4.32%,8.81E-05,0.06%,11.80%,100.00%,99.80%,82.10%,0.14%,0.10%,1.29%,2.94E-05,0.11%,4.74%,0.01%,0.05%,26.80%,99.90%,99.70%,67.20%,0.01%,0.19%,6.09%,0.01%,0.23%,16.10%,0.14%,0.21%,6.03%,0.01%,0.16%,31.50%,9.25E-05,0.08%,4.67%,0%,1.91%,12.90%,0.03%,0.10%,1.23%,100.00%,97.90%,81.20%,0.20%,1.36%,4.24%,3.08E-05,0.01%,0.12%,0.02%,9.50E-05,0.53%,99.80%,98.60%,95.10%,0.01%,1.99%,17.60%,0.03%,2.00%,14.10%,0.20%,1.37%,4.36%,0.02%,0.02%,0.65%,157169,207856,155699,115922,152186,109482,68132,90556,61515,32428,42085,30529,9,59,2549,0,974,6739,25,115,7381,115888,151038,92813,284,774,2166,3,106,2963,10,54,21080,115625,151252,83273,9,1033,9288,25,1089,14120,287,880,5129,13,160,24043,5,21,1091,0,152,2658,6,50,7245,68121,90333,50521,93,91,795,2,103,2914,7,47,16491,68030,90315,41315,5,173,3749,6,202,9903,95,194,3709,9,150,19405,3,35,1426,0,802,3944,8,40,377,32417,41208,24782,64,573,1295,1,5,38,6,4,163,32357,41503,29033,3,837,5370,8,842,4321,65,578,1333,7,9,201,26.9,36.8,16.7,2.79,3.2,3.92,0,205,104,0,187,93.1,1.2,1.63,1.58,54.9,36.4,29.2,1.06,1.23,1.34,2.04,1.84,2.26,7.23,9.19,10.4,8.03,5.42,6.25,6.32,24.1,16.6,26.4,78.2,54.8,1.6,1.46,1.22,41.7,44.8,34.1,0.95,0.81,1.04,5.22,5.18,6.42,26.9,195,80,1.06,1.23,1.36,54.9,171,59.7,2.04,1.84,2.3,7.22,11,14,0.95,0.81,1.08,38.2,66.9,36.7,5.23,5.18,6.42,10.4,9.86,13,2.48,2.14,3.7,0,259,73.4,0,321,71.3,1.2,1.41,1.45,16,27.2,28.4,0.99,1.16,1.23,2.01,1.8,2.35,7.99,6.77,12.3,8.31,8.26,11.8,4.89,23.1,16,29.6,78,57,1.64,1.55,1.21,40.2,45.6,38.2,0.89,0.74,0.94,5.29,5.27,9.2,10.4,229,55.8,0.99,1.16,1.26,16,248,39.9,2.01,1.8,2.38,7.92,15.4,15.2,0.89,0.74,1.02,37.8,67.8,41,5.29,5.27,9.25,6.55,52.6,16,0.95,3.63,3.49,0,193,117,0,161,99.8,0.97,1.92,2.4,17.2,42.5,14.4,1.17,1.34,1.47,2.02,1.84,1.96,5.54,9.79,10.1,7.6,4.56,4.74,10.7,30.8,11.3,16.7,55.5,30.9,0.9,0.68,1.59,18.7,24.5,21.3,1.03,0.93,1.18,5.08,4.98,4.75,6.55,187,90.2,1.17,1.34,1.48,17.2,155,92.3,2.02,1.84,2.04,5.62,9.97,10.1,1.03,0.93,1.18,18.4,41.7,23.1,5.08,4.97,4.75
12.12,85.80%,88.50%,83.30%,73.90%,72.80%,68.60%,60.40%,61.30%,56.20%,26.80%,26.00%,27.90%,0.01%,0.02%,2.93%,4.43E-05,0.50%,7.31%,0.03%,0.04%,9.71%,100%,99.40%,80.10%,0.35%,0.33%,1.93%,2.95E-05,0.04%,5.02%,0.03%,0.08%,26.30%,99.60%,99.50%,66.80%,0.02%,0.52%,0.10%,0.03%,0.54%,0.17%,0.35%,0.37%,0.07%,0.03%,0.12%,0.31%,0.01%,0.01%,2.46%,2.45E-05,0.15%,6.10%,0.02%,0.04%,17.50%,100%,99.80%,73.90%,0.07%,0.09%,1.58%,2.45E-05,0.05%,8.46%,0.02%,0.09%,43.90%,99.90%,99.80%,46.10%,0.02%,0.16%,8.60%,0.02%,0.19%,24.00%,0.07%,0.15%,10.00%,0.02%,0.15%,52.00%,0.02%,0.04%,4.40%,5.51E-05,1.42%,12.60%,0.02%,0.07%,1.23%,100%,98.50%,81.70%,0.32%,0.60%,2.46%,2.76E-05,5.35E-05,0.16%,0.06%,0.05%,0.92%,99.60%,99.30%,96.50%,0.03%,1.50%,17.00%,0.02%,1.50%,14.00%,0.32%,0.61%,2.60%,0.06%,0.05%,1.10%,183970,197889,174464,135413,143549,118886,81781,88050,66856,36290,37353,33215,19,27,3489,6,720,8689,40,58,11539,135348,142744,95169,471,477,2296,4,59,5972,38,110,31214,134900,142903,79404,25,747,12178,46,778,20228,475,536,8268,42,169,37186,11,9,1647,2,135,4080,13,33,11716,81755,87873,49413,58,83,1053,2,47,5659,14,83,29349,81707,87837,30795,13,144,5727,15,168,15796,60,130,6712,16,130,35008,8,15,1460,2,530,4196,6,27,407,36274,36781,27152,115,225,818,1,2,52,21,18,307,36153,37108,32038,10,545,5656,8,557,4603,116,227,870,22,20,359,36.4,40.2,18.7,2.08,2.85,3.89,102,260,129,44.7,221,95.2,1.67,1.74,1.71,17.3,30.9,28.5,1.3,1.27,1.43,1.88,1.91,2.55,5.78,8.29,11.4,2.24,1.75,4.36,5.25,28.4,18.6,14.8,67.1,51.4,0.86,0.41,1.19,32,38.8,34.1,0.81,0.82,1.02,0.37,0.43,3.24,52.1,252,97.4,1.3,1.27,1.46,20.9,207,57.2,1.88,1.91,2.6,5.78,10.5,16.6,0.81,0.82,1.07,30.4,48.7,36.9,0.38,0.43,3.27,37,19.6,15.4,2.66,2.56,3.73,219,311,95.2,44.4,319,72.5,1.45,1.67,1.64,26.9,39.6,27,1.33,1.29,1.41,1.83,1.85,2.64,6.74,7.18,14.3,3.15,2.8,7.66,6.41,28.2,19,15.8,68.8,52.7,0.8,0.17,1.2,38.9,41.8,35.2,0.75,0.77,1.01,0.35,0.41,6.07,65,293,72.3,1.33,1.29,1.45,29.2,264,38.8,1.83,1.85,2.68,6.73,14.8,18.3,0.75,0.77,1.1,36,51.6,38,0.35,0.41,6.12,14.6,50.5,20.6,2.06,3.1,3.69,13.7,240,154,8.62,191,108,1.9,1.67,2.31,9.31,15.1,13.3,1.26,1.22,1.45,1.89,1.91,2.25,5.37,8.58,11.2,1.85,0.6,1.69,4.16,7.35,13.5,12.2,11.9,33.6,1.11,1.31,1.05,13.8,15.5,22.3,0.9,0.9,1.04,0.35,0.42,1.77,14.4,235,120,1.26,1.22,1.46,9.14,182,99.6,1.89,1.91,2.32,5.36,8.57,11.3,0.9,0.9,1.04,13.7,15.1,23.9,0.35,0.42,1.77
13.12,80.80%,81.30%,78.00%,76.00%,75.00%,72.40%,60.40%,60.20%,56.60%,26.80%,26.70%,28.50%,0.03%,0.06%,2.30%,3.99E-05,0.51%,5.36%,0.03%,0.07%,7.17%,99.90%,99.40%,85.20%,0.15%,0.42%,1.54%,5.70E-06,0.05%,2.28%,0.01%,0.03%,23.80%,99.80%,99.50%,72.30%,0.04%,0.57%,7.66%,0.04%,0.58%,12.50%,0.15%,0.47%,3.82%,0.01%,0.08%,26.10%,0.03%,0.06%,1.84%,1.89E-05,0.14%,3.66%,0.03%,0.05%,11.60%,99.90%,99.70%,82.90%,0.11%,0.13%,0.87%,9.43E-06,0.08%,4.01%,0.01%,0.05%,34.90%,99.90%,99.70%,60.20%,0.03%,0.20%,5.50%,0.03%,0.19%,15.30%,0.11%,0.21%,4.88%,0.01%,0.13%,38.90%,0.02%,0.07%,4.29%,6.37E-05,1.49%,10.70%,0.03%,0.08%,0.89%,99.90%,98.40%,84.10%,0.10%,1.11%,3.31%,0%,2.21E-05,0.12%,4.24E-05,2.21E-05,0.59%,99.90%,98.90%,96.00%,0.03%,1.56%,15.00%,0.04%,1.57%,11.60%,0.10%,1.11%,3.43%,0.00%,0.00%,0.71%,231971,226556,176693,175550,169230,127317,106058,101812,72033,47125,45244,36341,60,109,2923,7,857,6829,60,117,9131,175423,168147,108434,266,704,1957,1,82,2905,18,52,30353,175265,168392,92102,67,966,9752,67,974,15960,267,786,4862,19,134,33258,31,60,1327,2,146,2636,30,50,8381,105995,101556,59689,120,130,627,1,80,2892,12,51,25124,105925,101551,43390,33,206,3963,32,196,11017,121,210,3519,13,131,28016,11,31,1560,3,674,3906,14,36,324,47097,44503,30551,46,504,1202,0,1,44,2,1,214,47077,44738,34881,14,705,5466,17,710,4230,46,505,1246,2,2,258,21.1,18.5,15.4,1.96,1.56,2.79,73.8,190,94.4,111,129,63.4,0.96,1,1.47,60.6,27.2,20.4,0.99,0.78,1.28,1.27,1.2,1.57,6.49,8,8.25,5.06,4.06,5.27,4.12,17.5,12.5,311,77.1,48,0.67,0.98,0.81,26.8,44.1,29.9,0.51,0.49,0.75,4.17,3.75,5.13,26.6,171,70.7,0.99,0.78,1.29,65.9,117,38.8,1.27,1.2,1.6,6.48,8.99,10.8,0.51,0.49,0.76,41.8,64.3,31.5,4.17,3.75,5.13,19.2,6.8,13.1,1.63,1.3,2.79,36.3,208,69.2,171,160,49.6,0.78,0.84,1.4,75.4,19.5,21.1,0.91,0.69,1.18,1.25,1.18,1.69,6.79,6.5,9.21,5.25,5.02,9.31,4.12,17,12.1,311,72.8,49.3,0.75,0.78,0.8,26.8,40,32.8,0.44,0.42,0.64,4.25,3.84,7.68,20.2,149,50.4,0.91,0.69,1.21,81.4,124,27.9,1.25,1.18,1.71,6.77,10.5,11.6,0.44,0.42,0.7,48.7,60,34.5,4.25,3.84,7.7,27.3,45.1,16.1,2.36,1.83,2.72,160,183,111,109,120,71.1,1.31,0.95,2.11,11.9,48.9,13,1.1,0.9,1.4,1.26,1.19,1.36,4.56,8.26,8.4,4.82,3.76,4.38,0,8.45,8.58,0,17.3,29.3,0.36,0.51,1.26,31.2,16.3,23,0.62,0.59,0.87,4.02,3.59,3.71,55.7,177,83.9,1.1,0.9,1.41,29,116,66.6,1.26,1.19,1.43,4.56,8.26,8.41,0.62,0.59,0.87,31.2,16.8,24.1,4.02,3.59,3.73
14.12,87.90%,87.80%,84.10%,73.70%,73.40%,68.60%,60.40%,61.10%,56.40%,27.40%,25.30%,27.50%,0.02%,0.04%,3.27%,3.01E-05,0.52%,6.84%,0.04%,0.06%,10.10%,99.90%,99.40%,79.80%,0.28%,0.33%,2.16%,1.21E-05,0.04%,4.24%,0.05%,0.08%,27.20%,99.70%,99.50%,66.40%,0.03%,0.56%,0.10%,0.04%,0.58%,0.17%,0.28%,0.37%,0.06%,0.05%,0.12%,0.31%,0.03%,0.02%,2.34%,2.00E-05,0.14%,5.04%,0.04%,0.04%,18.00%,99.90%,99.80%,74.60%,0.18%,0.18%,1.36%,2.00E-05,0.06%,7.41%,0.02%,0.10%,50.10%,99.80%,99.70%,41.10%,0.04%,0.16%,7.40%,0.04%,0.18%,23.00%,0.18%,0.24%,8.80%,0.02%,0.16%,58.00%,0.02%,0.09%,5.61%,0%,1.47%,13.00%,0.03%,0.10%,1.07%,100%,98.30%,80.30%,0.28%,0.47%,2.77%,0%,7.68E-05,0.12%,0.04%,0.03%,1.02%,99.70%,99.50%,96.10%,0.02%,1.60%,19.00%,0.03%,1.60%,14.00%,0.28%,0.48%,2.90%,0.04%,0.04%,1.10%,226198,211011,92541,165898,154206,63200,100158,94271,35653,45506,39071,17385,40,68,2065,5,798,4322,59,93,6405,165794,153247,50408,463,515,1364,2,67,2677,87,120,17203,165346,153504,41956,45,866,6387,64,891,10727,465,582,4041,89,187,19880,34,19,836,2,134,1797,38,41,6414,100084,94077,26606,178,173,485,2,58,2642,17,95,17877,99961,93945,14649,36,153,2633,40,175,8211,180,231,3127,19,153,20519,7,35,975,0,573,2260,12,38,186,45487,38425,13964,126,182,481,0,3,20,16,11,178,45364,38875,16706,7,608,3235,12,611,2446,126,185,501,16,14,198,14.8,36,8.07,1.26,2.01,1.18,509,220,77.9,13.5,140,37.6,1.15,1.38,0.48,32.8,25.1,9.98,1.15,0.97,0.38,1.16,1.19,0.75,5.37,6,4.6,0.4,0.24,1.32,5.2,18.8,7.47,18.6,56.7,32.4,0.83,0.07,0.3,13.3,47.7,21.6,0.59,0.65,0.28,-0.39,-0.37,0.74,69.7,206,55.3,1.15,0.97,0.39,31.3,128,21.1,1.16,1.19,0.77,5.37,7.47,6.5,0.59,0.65,0.29,13.4,50.9,23.1,-0.39,-0.37,0.76,8.36,14.5,6.94,1.24,1.69,1.14,428,236,52.6,9.22,190,27.5,1.01,1.2,0.47,31,38.5,9.84,1.17,0.98,0.38,1.12,1.16,0.78,4.79,3.97,5.93,0.52,0.21,2.7,5.2,19.2,7.49,18.6,56.8,32,0.81,0.19,0.3,18.7,42.9,20.9,0.53,0.6,0.27,-0.4,-0.38,2.12,31.7,208,38.1,1.17,0.98,0.4,29.9,155,13.7,1.12,1.16,0.79,4.79,7.79,7.25,0.53,0.6,0.29,18.7,48.2,22.3,-0.4,-0.38,2.14,37.7,34.2,7.86,1.39,1.91,1.06,0,206,95,0,119,42.9,1.87,1.13,0.53,27.5,11.2,4.41,1.12,0.96,0.37,1.18,1.2,0.64,4.17,7.25,5.1,0.37,0.02,-0.13,0,8.46,6.36,0,13,15.4,0.85,0.49,0.17,13.1,33.7,12.6,0.67,0.71,0.27,-0.4,-0.37,-0.22,37.7,196,68.7,1.12,0.96,0.37,27.5,112,40,1.18,1.2,0.67,4.17,7.27,5.15,0.67,0.71,0.27,13.1,29.3,12.9,-0.4,-0.37,-0.22
15.12,78.60%,82.70%,76.50%,72.40%,71.40%,68.60%,57.40%,57.60%,53.90%,28.00%,28.10%,29.80%,0.06%,0.08%,2.87%,7.36E-05,0.47%,5.90%,0.05%,0.06%,8.32%,99.90%,99.40%,82.90%,0.11%,0.44%,2.19%,2.01E-05,0.09%,4.32%,0.01%,0.03%,32.90%,99.90%,99.40%,60.60%,0.06%,0.55%,8.77%,0.05%,0.53%,14.20%,0.11%,0.53%,6.51%,0.02%,0.11%,37.20%,0.05%,0.05%,2.49%,3.50E-05,0.18%,4.62%,0.03%,0.04%,15.00%,99.90%,99.70%,77.90%,0.07%,0.13%,1.00%,3.50E-05,0.12%,8.82%,0.02%,0.04%,54.40%,99.90%,99.70%,35.80%,0.05%,0.23%,7.11%,0.03%,0.21%,19.60%,0.08%,0.25%,9.82%,0.02%,0.16%,63.20%,0.01%,0.11%,5.52%,9.54E-05,1.19%,10.80%,0.05%,0.06%,0.63%,99.90%,98.60%,83.00%,0.08%,1.12%,6.11%,0%,5.30E-05,0.21%,0.01%,5.30E-05,1.05%,99.90%,98.90%,92.60%,0.02%,1.30%,16.30%,0.06%,1.25%,11.40%,0.08%,1.13%,6.32%,0.01%,0.01%,1.26%,207490,189044,165426,149439,134380,112950,85797,77424,60834,41912,37742,33618,83,103,3237,11,631,6665,70,76,9394,149275,133570,93654,171,594,2477,3,114,4881,20,37,37187,149245,133635,68405,94,734,9902,81,707,16059,174,708,7358,23,151,42068,39,37,1513,3,139,2812,25,27,9106,85730,77221,47403,63,100,609,3,96,5367,15,31,33087,85716,77197,21771,42,176,4325,28,166,11918,66,196,5976,18,127,38454,6,42,1855,4,449,3637,22,21,212,41880,37230,27914,33,422,2055,0,2,71,5,2,353,41874,37316,31139,10,491,5492,26,470,3849,33,424,2126,5,4,424,9.17,22.5,17.6,1.37,1.47,2.51,220,193,118,154,119,62.5,1.11,0.78,1.4,12.9,12.1,20.5,1.05,0.57,1.19,1.19,1.01,1.5,4.81,6.93,8.71,7.14,4.85,5.32,17.2,16.1,13.9,58,66.2,51.5,1.13,0.66,0.7,84.1,58.9,33,0.44,0.38,0.68,6.79,5.79,5.9,33.8,169,85.2,1.05,0.57,1.21,32.1,108,37.9,1.19,1.01,1.53,5.02,8.41,12.2,0.44,0.38,0.69,80.7,64.4,35.1,6.79,5.79,5.88,7.08,4.44,15.4,1.33,0.94,2.52,523,219,85.2,399,146,47.5,1.05,0.74,1.35,13.6,15,20.4,1.01,0.54,1.13,1.19,1.01,1.66,4.13,3.85,9.64,7.29,6.81,9.37,17.2,16.8,12.5,58,67.6,51.3,1.13,0.66,0.66,88.7,63.2,34.6,0.36,0.32,0.56,7.02,6.02,8.38,43.9,174,60.8,1.01,0.54,1.17,54.9,125,26.8,1.19,1.01,1.69,4.72,10.2,12.2,0.36,0.32,0.62,83.6,66.5,36.9,7.02,6.02,8.41,7.46,42.6,16.7,0.97,2.03,2.31,179,178,140,84.7,106,71,1.26,0.72,1.74,8.51,9.01,11.5,1.1,0.62,1.23,1.17,0.98,1.24,4.28,7.7,7.95,7.76,4.27,4.7,0,11.6,9.33,0,63.6,33.1,1.29,0.49,0.89,70,17.5,22.6,0.54,0.46,0.75,6.45,5.45,4.94,76.1,166,98.4,1.1,0.62,1.23,20.2,102,67.7,1.17,0.98,1.31,4.28,7.72,8,0.54,0.46,0.75,70,40.5,24.4,6.45,5.44,4.93
16.12,85.50%,85.70%,80.80%,72.20%,72.30%,68.70%,60.40%,59.80%,55.60%,26.50%,26.60%,27.70%,0.02%,0.04%,3.05%,2.93E-05,0.63%,6.12%,0.03%,0.06%,7.83%,99.90%,99.30%,83.00%,0.11%,0.67%,2.49%,7.32E-06,0.09%,4.96%,0.03%,0.06%,32.20%,99.90%,99.20%,60.30%,0.02%,0.67%,9.17%,0.04%,0.69%,13.90%,0.11%,0.76%,7.45%,0.03%,0.15%,37.20%,0.02%,0.02%,2.37%,1.21E-05,0.19%,4.48%,0.03%,0.07%,13.00%,100.00%,99.70%,80.20%,0.07%,0.21%,0.80%,1.21E-05,0.12%,8.21%,0.04%,0.08%,58.60%,99.90%,99.60%,32.30%,0.02%,0.21%,6.85%,0.03%,0.26%,17.50%,0.07%,0.33%,9.01%,0.04%,0.20%,66.80%,0.02%,0.09%,5.05%,2.76E-05,1.82%,11.50%,0.04%,0.08%,0.76%,99.90%,98.00%,82.70%,0.09%,1.53%,5.41%,0%,0%,0.21%,0.02%,0.04%,0.94%,99.90%,98.40%,93.40%,0.02%,1.91%,16.60%,0.04%,1.90%,12.30%,0.09%,1.53%,5.62%,0.02%,0.04%,1.15%,190419,163014,136216,136577,117004,92749,82544,69937,51527,36170,31151,25648,21,50,2833,4,735,5677,47,68,7260,136505,116151,76979,146,782,2313,1,102,4601,36,70,29888,136394,116050,55947,25,785,8510,51,803,12937,147,884,6914,37,172,34489,12,15,1220,1,134,2308,22,47,6700,82509,69741,41299,55,148,412,1,86,4228,35,54,30219,82453,69649,16668,13,149,3528,23,181,9008,56,234,4640,36,140,34447,6,28,1294,1,566,2950,13,24,194,36150,30533,21210,33,476,1387,0,0,53,7,12,240,36130,30663,23968,7,594,4244,14,590,3144,33,476,1440,7,12,293,15.6,23.5,17.1,1.14,2.19,2.52,16.4,208,128,359,131,64.8,1.24,1.32,1.34,35.2,25.8,20.3,1,0.75,1.17,1.03,1.42,1.57,5.02,8.6,8.67,1.19,1.09,1.61,3.5,27.5,14.3,12.5,57.8,41.2,0.78,1.77,1.08,26.1,40.2,24.7,0.62,0.95,0.91,0.06,0.37,1.61,15.7,196,91.1,1,0.75,1.18,60.6,122,39.8,1.03,1.42,1.6,5.01,10.8,12.4,0.62,0.95,0.97,25.7,50.6,26.9,0.06,0.37,1.61,12,17.3,15.7,1.07,1.69,2.66,6.19,231,91.2,388,175,50,1.1,1.01,1.31,18.6,19.4,21.2,0.93,0.67,1.08,1,1.38,1.7,4.41,6.23,10.6,1.44,2.06,3.35,3.5,27.9,15,12.5,60.5,41.9,0.74,1.93,1.09,22,30.2,24.5,0.63,0.97,0.94,0.07,0.35,3,11.6,209,65.1,0.93,0.67,1.11,34.7,135,28.6,1,1.38,1.73,4.39,14.2,14.6,0.63,0.97,1.04,21.7,48.8,26.6,0.07,0.35,3.01,5.53,28.4,19,1.61,2.21,2.33,17,196,151,40.2,119,71.3,0.93,1.43,1.99,82.4,14.7,10.1,1.1,0.87,1.29,1.04,1.42,1.38,3.74,9.38,9.23,1,0.41,1.08,0,0,9.45,0,0,25.8,0.87,1.25,1.13,18.4,25.5,17.7,0.6,0.91,0.94,0.03,0.34,0.99,7.17,188,111,1.1,0.87,1.3,79.4,115,67.5,1.04,1.42,1.43,3.74,9.38,9.24,0.6,0.91,0.94,18.4,25.5,19.2,0.03,0.34,0.99
17.12,77.30%,78.00%,72.70%,71.10%,71.50%,67.00%,54.80%,56.00%,53.00%,29.50%,29.50%,30.10%,0.03%,0.05%,3.19%,1.46E-05,0.66%,7.20%,0.04%,0.06%,5.98%,99.90%,99.20%,83.60%,0.19%,0.61%,2.42%,0%,0.09%,3.59%,0.01%,0.04%,28.40%,99.80%,99.30%,65.50%,0.03%,0.71%,10.40%,0.04%,0.72%,13.20%,0.19%,0.70%,6.01%,0.01%,0.13%,32.00%,0.04%,0.04%,2.61%,0%,0.21%,5.21%,0.04%,0.06%,10.70%,99.90%,99.70%,81.40%,0.20%,0.18%,1.11%,0%,0.15%,6.51%,0.02%,0.08%,42.70%,99.80%,99.60%,49.70%,0.04%,0.25%,7.82%,0.04%,0.27%,15.90%,0.20%,0.33%,7.62%,0.02%,0.23%,49.20%,0.02%,0.09%,5.21%,2.48E-05,1.78%,13.80%,0.04%,0.06%,0.78%,99.90%,98.10%,80.20%,0.11%,1.23%,5.33%,0%,4.61E-05,0.22%,7.43E-05,0.01%,1.16%,99.90%,98.70%,93.30%,0.02%,1.86%,19.00%,0.04%,1.84%,14.60%,0.11%,1.23%,5.55%,0.01%,0.02%,1.38%,193946,207009,138240,137052,147126,91994,75135,82364,48729,40391,43376,27669,45,80,2939,2,978,6623,57,93,5504,136948,145975,76928,254,896,2224,0,127,3307,16,65,26165,136782,146038,60298,47,1058,9562,59,1071,12127,254,1023,5531,16,192,29472,27,36,1274,0,177,2541,28,45,5238,75080,82106,39676,149,146,542,0,120,3173,15,64,20796,74971,82034,24218,27,213,3815,28,222,7779,149,266,3715,15,184,23969,6,37,1441,1,773,3822,15,26,215,40369,42540,22191,46,535,1475,0,2,62,3,6,321,40342,42833,25811,7,810,5263,16,799,4037,46,537,1537,3,8,383,15.7,34,22.6,1.68,2.81,3.24,6.84,249,156,35.8,188,96.5,1.4,1.58,1.74,22.8,36,26.9,1.19,1.28,1.41,1.49,1.48,1.87,5.4,8.31,10.5,8.79,5.71,5.8,0,22.9,17.6,0,78.3,60.7,1.07,0.96,0.79,158,47.2,37.9,0.48,0.48,0.77,5.61,5.46,6.57,15.3,233,115,1.19,1.28,1.43,23.2,175,64.9,1.49,1.48,1.92,5.4,10.1,14.7,0.48,0.48,0.78,158,67.8,40.5,5.62,5.46,6.54,18.8,6.87,20.4,1.81,1.9,3.23,0,326,120,0,278,72.2,1.22,1.79,1.7,33.9,30.1,27.3,1.2,1.29,1.41,1.47,1.46,2.01,4.55,6.94,13.7,8.04,8.57,11.9,0,21.9,17.3,0,78.4,63.3,0.82,0.94,0.79,100,44,42.8,0.37,0.37,0.62,5.68,5.53,10.4,18.8,272,86.7,1.2,1.29,1.44,33.9,228,42,1.47,1.46,2.05,4.55,13.7,16.8,0.37,0.37,0.7,100,66.4,45.5,5.68,5.54,10.4,17.1,60,21.8,2.58,3.71,2.81,5.88,229,177,52.1,166,107,1.49,1.1,2.03,10.2,51.3,12.3,1.17,1.25,1.39,1.46,1.46,1.6,5.39,10,10.8,8.83,4.32,4.79,0,32.5,11.7,0,39.4,34.3,1,0.91,1.14,24.4,28.2,25.5,0.62,0.63,0.91,5.47,5.31,5.34,15.5,221,135,1.17,1.25,1.4,12.8,162,102,1.46,1.46,1.67,5.39,10.1,10.8,0.62,0.63,0.91,24.4,31,26.9,5.47,5.3,5.31
18.12,80.70%,81.90%,74.90%,72.10%,71.10%,67.50%,57.30%,59.00%,54.30%,28.30%,27.80%,29.10%,0.02%,0.03%,3.61%,1.53E-05,0.58%,7.92%,0.02%,0.05%,7.39%,100.00%,99.30%,81.10%,0.24%,0.28%,1.46%,7.63E-06,0.05%,5.48%,0.01%,0.10%,35.40%,99.70%,99.60%,57.60%,0.02%,0.61%,11.50%,0.02%,0.63%,15.30%,0.24%,0.33%,6.94%,0.02%,0.15%,40.90%,0.02%,0.02%,3.36%,0%,0.21%,6.43%,0.02%,0.05%,13.30%,100.00%,99.70%,76.90%,0.11%,0.12%,0.36%,0%,0.07%,10.40%,0.02%,0.13%,76.10%,99.90%,99.70%,13.10%,0.02%,0.23%,9.79%,0.02%,0.26%,19.70%,0.11%,0.19%,10.80%,0.02%,0.20%,86.50%,0.01%,0.05%,5.29%,2.70E-05,1.53%,14.00%,0.02%,0.06%,0.84%,100.00%,98.40%,79.80%,0.20%,0.40%,2.54%,0%,0%,0.20%,0.01%,0.03%,1.91%,99.80%,99.60%,95.40%,0.02%,1.58%,19.30%,0.02%,1.58%,14.80%,0.20%,0.40%,2.74%,0.01%,0.03%,2.11%,182668,211546,138393,131090,149697,92800,75104,88323,50410,37080,41582,27001,26,44,3347,2,870,7347,26,70,6855,131036,148713,75251,320,415,1352,1,70,5084,19,146,32867,130750,149066,53497,28,914,10694,28,940,14202,321,485,6436,20,216,37951,13,15,1694,0,183,3242,14,41,6703,75077,88084,38771,85,106,180,0,59,5232,16,119,38370,75003,88039,6628,13,198,4936,14,224,9945,85,165,5412,16,178,43602,5,21,1429,1,638,3789,7,23,226,37067,40900,21557,75,167,686,0,0,53,5,13,516,37000,41402,25746,6,659,5218,8,661,4015,75,167,739,5,13,569,21.3,51.4,23,1.73,1.91,3.46,15.8,307,181,494,224,105,1.41,1.62,1.82,36.4,28.7,26.8,1.27,1.29,1.48,1.5,1.48,2.17,5.15,6.73,10.3,2.29,1.74,3.46,7.95,32.3,16.9,200,83.1,55.6,0.4,-0.2,0.78,26.3,45.4,34.9,0.53,0.53,0.72,0.22,0.21,2.66,20.9,295,132,1.27,1.29,1.51,69.1,209,67.3,1.5,1.48,2.22,5.16,10.4,15.5,0.53,0.53,0.74,35,57.6,37.7,0.23,0.21,2.68,13.8,10.3,19.1,1.61,1.4,3.4,0,378,138,0,315,79.1,1.22,1.95,1.77,26.1,30.2,26,1.3,1.32,1.48,1.46,1.43,2.3,4.67,5.78,11.8,2.04,2.48,2.55,0,30,16.8,0,84.8,53.7,0.43,-0.22,0.77,28,47.1,30.5,0.44,0.45,0.64,0.18,0.18,2.54,13.8,350,97.2,1.3,1.32,1.52,26.1,263,43.3,1.46,1.43,2.35,4.67,14.4,16.6,0.44,0.45,0.75,28,59.6,33.3,0.18,0.18,2.54,46.4,86.9,23,2.97,2.44,3.01,12.7,274,205,19.8,192,117,1.29,1.47,2.05,76.5,9.24,10.9,1.21,1.24,1.46,1.51,1.49,1.89,5.31,7.92,10.1,2.3,0.66,2.19,0,0,8.14,0,0,28.4,0.69,0.74,0.67,15.2,22.1,23,0.64,0.64,0.71,0.2,0.2,2.01,40.8,268,155,1.21,1.24,1.47,69.4,186,111,1.51,1.49,1.96,5.31,7.92,9.96,0.64,0.64,0.71,15.2,22.1,23.5,0.2,0.2,2.01
19.12,78.60%,80.20%,75.80%,74.50%,75.00%,71.30%,61.30%,61.50%,59.00%,26.70%,26.50%,27.50%,0.04%,0.07%,2.71%,5.74E-05,0.59%,5.55%,0.05%,0.06%,6.81%,99.90%,99.30%,84.90%,0.18%,0.47%,1.61%,1.91E-05,0.07%,3.02%,0.01%,0.05%,29.90%,99.80%,99.40%,65.40%,0.04%,0.66%,8.26%,0.05%,0.65%,12.40%,0.18%,0.54%,4.63%,0.02%,0.11%,32.90%,0.04%,0.05%,2.20%,1.04E-05,0.18%,3.66%,0.04%,0.05%,10.10%,99.90%,99.70%,84.00%,0.10%,0.13%,1.22%,2.08E-05,0.11%,5.30%,0.02%,0.07%,38.90%,99.90%,99.70%,54.60%,0.04%,0.23%,5.86%,0.04%,0.23%,13.80%,0.10%,0.24%,6.52%,0.02%,0.18%,44.20%,7.17E-05,0.11%,4.55%,4.78E-05,1.70%,11.20%,0.06%,0.07%,0.85%,99.90%,98.10%,83.40%,0.12%,1.23%,4.29%,0%,4.56E-05,0.21%,7.17E-05,0.02%,0.90%,99.90%,98.80%,94.60%,0.01%,1.81%,15.80%,0.07%,1.77%,12.00%,0.12%,1.23%,4.50%,0.01%,0.02%,1.11%,211996,222612,161527,156804,165764,114264,96067,101967,67375,41835,43854,31392,60,119,3097,9,971,6336,76,98,7777,156659,164576,97054,275,782,1841,3,114,3449,22,74,34193,156504,164794,74781,69,1090,9433,85,1069,14113,278,896,5290,25,188,37642,34,50,1479,1,183,2466,35,48,6832,95997,101686,56598,93,136,821,2,110,3569,15,69,26186,95957,101652,36799,35,233,3945,36,231,9298,95,246,4390,17,179,29755,3,49,1428,2,746,3526,25,32,266,41805,43027,26172,51,538,1346,0,2,67,3,7,281,41781,43307,29698,5,795,4954,27,778,3792,51,540,1413,3,9,348,18.4,30.2,20.5,1.49,2.18,3.18,12.8,215,128,125,156,75,1.14,1.58,1.68,25.3,55.6,24.1,1.2,1.27,1.39,1.38,1.38,1.77,5.22,8.7,11.1,6.52,5.98,6.06,5.02,21.3,16.7,31.9,76.6,51.2,0.43,1,0.83,66,52,31.5,0.51,0.56,0.79,5.83,6.01,5.91,17.7,195,92.7,1.2,1.27,1.41,35.9,147,47,1.38,1.38,1.81,5.22,10.3,14.8,0.51,0.56,0.8,61.9,66.9,33.3,5.83,6.01,5.91,16.8,11.1,17.1,1.37,1.16,3.41,6.29,228,90.1,61.7,206,56.7,0.93,1.35,1.65,24.9,91.1,25.7,1.19,1.26,1.36,1.36,1.36,1.95,5.41,5.67,12,6.97,6.94,10.3,4.82,21.2,15.3,32.9,75.5,53.1,0.51,0.87,0.8,69.8,51.4,35.8,0.42,0.46,0.63,5.98,6.17,8.87,16.5,181,62.7,1.19,1.26,1.39,25.9,182,33.9,1.36,1.36,1.99,5.4,12.6,14.7,0.42,0.46,0.7,65.5,66.2,37.9,5.98,6.17,8.9,8.86,52.1,22.4,2.02,2.85,2.79,7.94,207,153,153,141,85,0.95,1.65,2.28,26.1,21.6,15.3,1.19,1.28,1.43,1.36,1.37,1.49,4.97,9.67,9.9,7.15,5.66,5.18,0,9.28,10.5,0,21.6,31.9,0.53,1.43,1.16,101,31.6,23.3,0.66,0.72,0.92,5.55,5.72,4.65,8.49,197,115,1.19,1.28,1.44,35.5,136,80.1,1.36,1.37,1.56,4.97,9.67,9.93,0.66,0.72,0.92,101,29.4,25,5.55,5.72,4.67
20.12,79.20%,78.20%,75.20%,73.20%,73.70%,72.10%,62.30%,61.60%,58.00%,25.70%,26.10%,27.80%,0.01%,0.03%,1.75%,5.57E-05,0.57%,6.17%,0.05%,0.09%,8.65%,99.90%,99.30%,83.40%,0.34%,0.42%,1.56%,6.96E-06,0.04%,3.04%,0.06%,0.14%,25.40%,99.60%,99.40%,70.00%,0.02%,0.60%,7.92%,0.05%,0.66%,14.80%,0.34%,0.46%,4.60%,0.06%,0.18%,28.40%,0.02%,0.02%,1.26%,2.23E-05,0.19%,4.01%,0.02%,0.07%,13.30%,100.00%,99.70%,81.40%,0.26%,0.20%,0.96%,0%,0.06%,5.30%,0.04%,0.15%,44.90%,99.70%,99.60%,48.80%,0.02%,0.21%,5.27%,0.03%,0.26%,17.30%,0.26%,0.26%,6.26%,0.04%,0.21%,50.20%,0.01%,0.05%,2.76%,5.41E-05,1.58%,11.80%,0.07%,0.11%,1.75%,99.90%,98.30%,83.70%,0.51%,0.67%,1.72%,5.41E-05,5.49E-05,0.09%,0.06%,0.04%,0.64%,99.40%,99.30%,97.60%,0.02%,1.63%,14.60%,0.07%,1.69%,13.60%,0.52%,0.68%,1.81%,0.07%,0.05%,0.73%,197156,190056,159931,143692,139533,114618,89511,85903,66493,36956,36403,31838,19,37,2008,8,793,7076,64,129,9909,143601,138574,95625,483,593,1789,1,61,3484,80,195,29074,143128,138684,80271,27,830,9084,72,922,16985,484,654,5273,81,256,32558,13,13,840,2,165,2668,21,58,8827,89475,85667,54158,229,172,638,0,53,3527,32,133,29858,89250,85545,32470,15,178,3508,23,223,11495,229,225,4165,32,186,33385,5,18,879,2,576,3764,24,39,557,36925,35770,26638,188,244,548,2,2,28,23,15,204,36743,36142,31058,7,594,4643,26,615,4321,190,246,576,25,17,232,24.6,34.7,14.1,1.39,1.58,2.68,197,219,105,10.5,153,71.5,1.39,1.73,1.58,26.4,26.4,19.8,1.2,1.35,1.26,1.12,1.17,1.69,4.83,5.58,7.99,-0.07,-0.17,1.51,10.3,22.2,14.6,8.9,64.8,41,0.83,0.24,0.96,31.5,35.3,22.6,0.56,0.59,0.88,-0.65,-0.61,0.87,75.7,211,84.9,1.2,1.35,1.29,24.6,135,41.3,1.12,1.17,1.71,4.84,7.13,12.4,0.56,0.59,0.9,31.2,42.3,24.6,-0.65,-0.61,0.88,42.5,8.68,14.8,1.59,1.38,2.76,292,242,72.5,6.76,218,53.6,0.97,1.89,1.54,55.8,22.1,20.6,1.21,1.37,1.27,1.09,1.14,1.76,4.44,5.03,9.17,-0.14,0.1,2.29,0,22.2,14.4,0,58.9,40.6,0.69,0.07,0.95,20.3,44.3,21.9,0.5,0.52,0.82,-0.65,-0.61,1.64,75.8,225,58.7,1.21,1.37,1.31,51.5,167,28.3,1.09,1.14,1.78,4.44,9.07,13.6,0.5,0.52,0.88,20.3,48.5,23.9,-0.65,-0.61,1.65,16.7,61.5,17.3,1.15,1.81,2.85,140,204,133,4.77,133,87,1.44,1.85,2.42,13.2,32.2,15.7,1.18,1.31,1.28,1.13,1.19,1.54,3.63,6.27,9.11,-0.45,-0.27,0.68,2.44,39.6,10.4,34.2,129,29,0.74,0.89,0.8,9.52,11.9,17.6,0.66,0.69,0.92,-0.66,-0.62,0.24,51.9,200,111,1.18,1.31,1.3,12.6,127,77.8,1.13,1.19,1.58,3.62,6.54,9.17,0.66,0.69,0.92,11.5,25.7,19,-0.66,-0.62,0.25
21.12,77.70%,76.20%,72.00%,72.60%,72.90%,68.60%,58.50%,59.00%,54.50%,28.70%,27.60%,29.90%,0.03%,0.06%,3.00%,2.61E-05,0.75%,8.49%,0.07%,0.10%,9.39%,99.90%,99.10%,79.10%,0.18%,0.75%,3.96%,1.30E-05,0.11%,6.09%,0.01%,0.04%,30.50%,99.80%,99.10%,59.50%,0.03%,0.81%,11.50%,0.07%,0.85%,17.90%,0.18%,0.86%,10.10%,0.02%,0.15%,36.60%,0.03%,0.04%,2.51%,0%,0.24%,6.65%,0.04%,0.07%,15.90%,99.90%,99.60%,74.90%,0.11%,0.20%,2.19%,1.11E-05,0.18%,9.92%,0.02%,0.05%,39.20%,99.90%,99.60%,48.70%,0.03%,0.28%,9.16%,0.04%,0.31%,22.60%,0.11%,0.38%,12.10%,0.02%,0.23%,49.10%,0.02%,0.10%,4.37%,0%,2.09%,14.90%,0.10%,0.10%,1.71%,99.90%,97.70%,79.00%,0.13%,2.04%,9.82%,2.27E-05,6.82E-05,0.33%,0.02%,6.82E-05,1.09%,99.80%,97.90%,88.80%,0.02%,2.19%,19.30%,0.10%,2.19%,16.60%,0.13%,2.05%,10.20%,0.02%,0.01%,1.42%,212520,220479,174046,153290,159672,118291,89735,94272,64473,43986,44016,35363,46,99,3551,4,1201,10044,106,162,11104,153134,158210,93592,272,1195,4683,2,179,7207,22,58,36033,152994,158240,70368,50,1300,13595,110,1363,21148,274,1374,11890,24,237,43240,28,38,1621,0,227,4287,35,67,10252,89672,93940,48313,103,185,1411,1,170,6395,14,50,25294,89617,93867,31373,28,265,5908,35,294,14539,104,355,7806,15,220,31689,7,45,1547,0,922,5278,42,42,604,43937,43007,27934,59,897,3471,1,3,115,9,3,386,43917,43113,31391,7,967,6825,42,964,5882,60,900,3586,10,6,501,26.9,40.2,20.8,1.9,2.53,3.61,323,263,138,261,218,109,0.96,1.14,1.57,32.3,40.8,31.2,1.14,1.16,1.35,1.68,1.72,2.22,6.67,13.3,12.9,7.49,3.97,4.72,5.98,31.4,19,30.1,73.5,58.4,1.29,1.81,1.05,128,77.3,37.5,0.68,0.7,0.94,4.48,4.6,5.85,50.6,246,107,1.14,1.16,1.37,40.6,197,68.2,1.68,1.72,2.27,6.66,15.7,16.6,0.68,0.7,0.98,120,74.4,41,4.49,4.6,5.78,33.3,12.2,17.8,2.24,1.7,3.66,0,341,106,0,346,83.9,0.72,1.03,1.5,40.6,47.6,32,1.07,1.1,1.25,1.66,1.69,2.42,6.86,8.28,14.1,7.74,8,12.6,4.26,30.2,19.4,37.1,73.3,63.5,1.69,1.71,1.06,35,82.3,45.9,0.64,0.65,0.88,4.52,4.65,10.5,33.3,294,81.8,1.07,1.1,1.29,40.6,278,47.3,1.66,1.69,2.46,6.83,18.8,18.4,0.64,0.65,0.96,35.1,75.3,49.5,4.52,4.66,10.6,22.8,71.1,23.4,1.23,3.22,3.22,0,239,166,0,183,128,0.86,1.27,2.21,32.6,28.6,16.9,1.23,1.25,1.47,1.68,1.72,1.9,5.39,14.6,13.5,7.66,2.78,3.8,7.7,31.4,15.7,23.1,58.4,32.8,0.82,1.32,1.35,151,27.8,24.9,0.72,0.76,1.05,4.36,4.48,4.88,22.8,231,134,1.23,1.25,1.49,32.6,176,117,1.68,1.72,1.97,5.43,14.7,13.6,0.72,0.76,1.05,138,43.1,26.7,4.36,4.45,4.77
22.12,79.10%,80.30%,76.40%,73.40%,74.00%,72.20%,60.80%,61.00%,58.50%,27.20%,27.00%,27.40%,0.02%,0.02%,2.73%,2.13E-05,0.61%,6.91%,0.04%,0.05%,7.89%,99.90%,99.30%,82.50%,0.24%,0.41%,1.82%,6.40E-05,0.06%,4.28%,0.03%,0.09%,26.60%,99.70%,99.40%,67.30%,0.02%,0.63%,9.64%,0.04%,0.66%,14.80%,0.25%,0.47%,6.10%,0.04%,0.15%,30.90%,0.02%,5.07E-05,2.13%,2.34E-05,0.19%,4.72%,0.03%,0.05%,12.10%,99.90%,99.80%,81.00%,0.18%,0.19%,1.01%,7.02E-05,0.08%,7.67%,0.04%,0.13%,51.70%,99.80%,99.60%,39.60%,0.02%,0.20%,6.85%,0.04%,0.24%,16.80%,0.19%,0.27%,8.68%,0.04%,0.21%,59.40%,0.01%,0.05%,4.16%,0%,1.76%,13.40%,0.06%,0.05%,1.33%,99.90%,98.20%,81.10%,0.27%,0.85%,2.56%,2.62E-05,4.58E-05,0.12%,0.02%,0.02%,0.60%,99.70%,99.10%,96.70%,0.01%,1.81%,17.60%,0.06%,1.81%,14.70%,0.27%,0.85%,2.68%,0.02%,0.03%,0.72%,194621,221723,175612,140518,161579,124093,85420,98629,72601,38203,43677,33981,22,27,3390,3,985,8581,53,87,9797,140440,160480,102325,333,670,2256,9,90,5305,46,145,33006,140130,160674,83526,25,1012,11971,56,1072,18378,342,760,7561,55,235,38311,14,5,1545,2,188,3426,28,51,8815,85376,98385,58815,150,188,734,6,78,5567,30,126,37547,85234,98237,28753,16,193,4971,30,239,12241,156,266,6301,36,204,43114,4,20,1414,0,767,4570,21,21,452,38178,42869,27545,102,373,871,1,2,40,8,9,204,38092,43293,32866,4,787,5984,21,788,5022,103,375,911,9,11,244,7.35,42,17.9,1.8,2.81,3.75,166,270,123,181,223,91.9,1.01,1.35,1.45,35.5,59.1,28.2,1.03,1.12,1.17,1.72,1.78,2.39,5.41,7.6,9.97,1.36,0.87,3.51,6.36,25.3,16.4,39.3,68.4,49.8,1.06,0.34,1.08,70,52.4,31.3,0.68,0.72,0.93,-0.29,-0.23,2.55,26.4,264,93.2,1.03,1.12,1.19,43.3,210,57.9,1.72,1.78,2.43,5.43,9.7,14.5,0.68,0.72,0.97,65,58.5,33.9,-0.29,-0.23,2.58,7.27,8.52,17.4,1.8,2.15,3.9,246,311,89.3,268,307,73.1,0.83,1.29,1.42,31.8,77.4,30.1,0.97,1.05,1.1,1.66,1.72,2.53,4.6,6.06,12.1,1.34,1.17,4.18,5.16,26.1,16.1,51.7,70.4,48.1,1.1,0.32,1.07,81.8,44.8,28.3,0.63,0.67,0.9,-0.32,-0.26,3.61,37.1,303,67,0.97,1.05,1.14,47.5,258,42.1,1.66,1.72,2.57,4.62,11.9,15.6,0.63,0.67,1,76.8,54.6,30.9,-0.32,-0.26,3.62,6.43,49.9,20,2.03,2.69,3.46,0,254,148,0,197,103,1.3,1.03,2.09,13,28.7,14.6,1.12,1.22,1.27,1.74,1.8,2.14,4.16,8.2,9.1,0.9,0.09,1.53,7.25,31.3,9.37,14.2,23.2,31.9,0.9,0.89,0.9,51.2,134,28.5,0.74,0.78,0.95,-0.28,-0.23,1.26,6.43,249,118,1.12,1.22,1.28,13,193,95,1.74,1.8,2.2,4.19,8.32,9.11,0.74,0.78,0.95,47.1,114,29.1,-0.28,-0.23,1.27
23.12,81.40%,80.30%,78.00%,72.80%,71.40%,72.30%,59.50%,58.50%,55.70%,27.10%,28.20%,28.70%,0.04%,0.06%,3.00%,6.42E-05,0.60%,6.75%,0.05%,0.08%,7.55%,99.90%,99.30%,82.70%,0.17%,0.57%,2.85%,2.34E-05,0.12%,4.82%,0.02%,0.03%,32.30%,99.80%,99.30%,60.00%,0.04%,0.66%,9.75%,0.06%,0.68%,14.30%,0.17%,0.69%,7.67%,0.02%,0.15%,37.10%,0.04%,0.05%,2.24%,4.91E-05,0.24%,5.00%,0.04%,0.07%,13.10%,99.90%,99.60%,79.60%,0.12%,0.13%,1.01%,1.96E-05,0.19%,8.63%,0.01%,0.04%,50.50%,99.90%,99.60%,39.80%,0.04%,0.29%,7.24%,0.04%,0.31%,18.10%,0.12%,0.32%,9.64%,0.02%,0.23%,59.10%,0.01%,0.08%,5.09%,8.61E-05,1.60%,12.40%,0.06%,0.09%,0.88%,99.90%,98.20%,81.60%,0.13%,1.58%,9.37%,0%,7.83E-05,0.32%,0.01%,0.01%,0.65%,99.90%,98.40%,89.70%,0.02%,1.68%,17.50%,0.07%,1.69%,13.30%,0.13%,1.59%,9.69%,0.01%,0.02%,0.97%,235851,190879,155557,171292,135814,112147,101868,79511,62515,46446,38313,32192,64,86,3370,11,821,7565,87,103,8471,171130,134804,92741,286,776,3200,4,160,5407,26,42,36264,170976,134836,67276,75,907,10935,98,924,16036,290,936,8607,30,202,41671,38,38,1402,5,188,3124,40,57,8220,101785,79228,49769,125,100,630,2,151,5395,13,32,31598,101728,79228,24892,43,226,4526,45,245,11344,127,251,6025,15,183,36993,6,31,1637,4,612,4002,27,33,282,46409,37637,26271,62,606,3015,0,3,103,5,5,209,46379,37699,28865,10,643,5639,31,645,4284,62,609,3118,5,8,312,13.9,21,19,1.28,2.18,3.27,54.4,225,127,263,182,85.2,0.45,1.38,1.43,46.4,42.5,25.7,0.6,1.15,1.27,1.26,1.52,1.91,4.76,11.7,11.8,5.37,4.73,4.84,18.2,26.8,17.3,264,78.5,51.6,0.81,1.58,1.06,66,40.1,31.4,0.52,0.74,0.92,4.08,5.18,5.27,19.8,206,93.7,0.6,1.15,1.28,70.7,166,53.8,1.26,1.52,1.96,4.95,14.3,15.3,0.52,0.74,0.97,92.4,70.5,34,4.08,5.18,5.25,12,8.22,16.2,1.26,1.55,3.31,135,281,94.7,336,258,64.2,0.28,1,1.37,50.4,36.4,25.5,0.51,1.07,1.18,1.25,1.49,2.07,5.38,8.69,12.4,5.87,6.67,8.86,10.4,27,16.7,170,79.7,52.9,0.86,1.81,1.03,38,39.6,33.6,0.5,0.71,0.84,4.2,5.33,7.88,26.3,235,70.4,0.51,1.07,1.21,82.1,206,36.2,1.25,1.49,2.1,5.46,19.7,16.3,0.5,0.71,0.95,55.6,72.7,36.4,4.2,5.33,7.9,13.9,39.6,20.5,0.74,2.75,2.92,11.2,203,150,29.8,156,96.2,0.43,1.54,2.03,58.8,51.7,16.6,0.71,1.27,1.39,1.24,1.51,1.59,3.99,12.3,10.3,5.06,4.29,4.52,0,26.1,11.4,0,39.6,33.9,0.72,1,1.22,217,68.3,24.6,0.55,0.79,0.98,3.87,4.94,4.31,12.8,195,112,0.71,1.27,1.4,55.1,151,91,1.24,1.51,1.67,3.99,12.4,10.3,0.55,0.79,0.98,217,57.5,27.7,3.87,4.93,4.33
24.12,81.50%,82.20%,78.20%,73.60%,73.50%,72.40%,59.50%,60.50%,55.70%,28.30%,26.90%,28.70%,0.02%,0.02%,2.15%,2.65E-05,0.56%,6.48%,0.05%,0.09%,8.07%,99.90%,99.30%,83.30%,0.44%,0.70%,1.98%,2.65E-05,0.05%,3.53%,0.03%,0.09%,25.00%,99.50%,99.20%,69.50%,0.02%,0.58%,8.63%,0.06%,0.65%,14.60%,0.44%,0.75%,5.51%,0.04%,0.14%,28.50%,0.02%,0.01%,1.69%,2.23E-05,0.15%,4.16%,0.04%,0.05%,12.20%,99.90%,99.80%,81.90%,0.50%,0.37%,1.05%,5.57E-05,0.07%,6.24%,0.06%,0.13%,45.70%,99.40%,99.40%,47.00%,0.03%,0.16%,5.85%,0.04%,0.20%,16.40%,0.51%,0.43%,7.29%,0.07%,0.20%,51.90%,0.02%,0.05%,4.35%,0%,1.61%,12.80%,0.06%,0.11%,1.32%,99.90%,98.20%,81.50%,0.40%,1.25%,2.82%,0%,0.01%,0.13%,0.04%,0.06%,0.86%,99.60%,98.70%,96.20%,0.02%,1.66%,17.10%,0.06%,1.72%,14.10%,0.40%,1.26%,2.95%,0.04%,0.07%,0.99%,205987,199337,171666,150770,145683,123244,89764,88153,68701,42643,39245,35395,28,34,2649,4,814,7983,80,128,9949,150658,144707,102663,663,1019,2445,4,74,4350,51,136,30854,150052,144454,85595,32,848,10632,84,942,17932,667,1093,6795,55,210,35204,21,12,1159,2,134,2856,34,41,8392,89707,87966,56294,452,329,723,5,57,4287,55,119,31429,89252,87648,32262,23,146,4015,36,175,11248,457,386,5010,60,176,35716,9,18,1538,0,630,4544,26,43,466,42608,38554,28847,172,492,997,0,5,45,16,24,306,42455,38724,34047,9,648,6082,26,673,5010,172,497,1042,16,29,351,18.1,55.1,16,1.3,1.8,2.65,102,211,118,181,154,74.4,1.24,1.32,1.52,45.1,31.2,19.7,1.11,1.08,1.28,1.11,1.16,1.57,3.78,5.03,7.53,-0.65,-0.57,0.84,5.25,20.7,13.5,11.9,55,40.3,0.72,0.24,0.88,48.1,34.8,22.4,0.61,0.68,0.79,-0.87,-0.87,0.38,28.6,205,92.6,1.11,1.08,1.3,51.6,137,44.1,1.11,1.16,1.6,3.79,6.09,11.4,0.61,0.68,0.81,45.5,41.9,24.6,-0.87,-0.87,0.39,16,11.6,15,1.29,0.98,2.81,194,236,84,336,213,55,1.09,1.16,1.44,60.4,37.7,21.2,1.04,1,1.19,1.07,1.12,1.68,3.25,3.95,9.13,-0.74,-0.56,1.74,7.13,21.2,13.5,10.7,55.3,40.2,0.66,0.22,0.88,35.7,29.6,21.9,0.57,0.64,0.77,-0.88,-0.87,1.26,31.5,218,64.1,1.04,1,1.22,75.7,172,29.8,1.07,1.12,1.7,3.29,6.5,12.9,0.57,0.64,0.82,33.6,37.9,24.1,-0.88,-0.87,1.27,19.2,85.7,15.3,1.18,2.27,2.49,0,198,138,0,138,83.5,1.36,1.32,2.09,23.2,21.4,11.2,1.21,1.19,1.38,1.13,1.18,1.4,3.33,5.18,8.21,-0.85,-0.7,0.23,0,12.1,10.5,0,14.4,22.7,0.61,0.9,0.67,35.5,38.3,15.3,0.67,0.72,0.8,-0.87,-0.87,-0.22,19.2,195,107,1.21,1.19,1.39,23.2,131,76.8,1.13,1.18,1.46,3.33,5.25,8.31,0.67,0.72,0.8,35.5,34.2,16.2,-0.87,-0.87,-0.21
26.12,81.70%,81.20%,76.90%,75.20%,74.70%,72.20%,59.30%,60.10%,57.40%,27.00%,26.70%,27.60%,9.51E-05,0.03%,3.05%,1.36E-05,0.52%,6.87%,0.03%,0.05%,6.95%,100.00%,99.40%,83.10%,0.31%,0.47%,2.64%,8.15E-05,0.04%,4.00%,0.04%,0.09%,21.60%,99.60%,99.40%,71.80%,0.01%,0.55%,9.92%,0.03%,0.57%,13.80%,0.32%,0.51%,6.64%,0.05%,0.13%,25.60%,0.01%,0.01%,1.80%,2.29E-05,0.13%,4.91%,0.03%,0.04%,12.80%,100.00%,99.80%,80.50%,0.12%,0.08%,0.80%,4.58E-05,0.04%,7.46%,0.02%,0.07%,55.50%,99.90%,99.80%,36.20%,0.01%,0.14%,6.71%,0.03%,0.17%,17.70%,0.12%,0.13%,8.26%,0.03%,0.11%,63.00%,0%,0.05%,3.95%,0%,1.54%,12.50%,0.03%,0.09%,1.38%,100.00%,98.30%,82.20%,0.23%,0.82%,2.51%,5.03E-05,9.45E-05,0.08%,0.04%,0.06%,0.54%,99.70%,99.10%,96.90%,0.00%,1.59%,16.40%,0.03%,1.63%,13.90%,0.24%,0.83%,2.59%,0.05%,0.07%,0.62%,98036,106326,106261,73583,79327,76517,43634,47700,43959,19900,21160,21156,7,20,2333,1,412,5259,21,40,5316,73554,78855,63609,227,369,2019,6,29,3059,30,73,16536,73320,78856,54903,8,432,7592,22,452,10575,233,398,5078,36,102,19595,5,6,790,1,62,2158,12,18,5610,43616,47614,35401,51,40,352,2,20,3278,9,34,24396,43572,47606,15933,6,68,2948,13,80,7768,53,60,3630,11,54,27674,0,11,836,0,325,2640,5,19,293,19895,20805,17387,45,173,532,1,2,16,8,13,115,19846,20972,20493,0,336,3476,5,344,2933,46,175,548,9,15,131,15.9,34.1,17.2,3.75,4.56,5.96,9.65,226,128,587,212,105,1.05,1.44,1.66,77.9,68.9,31.5,1.29,1.31,1.37,2.92,3.04,4.05,7.13,7.18,9.73,2.6,1.55,5.22,9.93,20.7,16.2,58.2,55.5,44.6,1.47,0.99,1.62,31.6,30.7,29.1,1.16,1.17,1.39,0.13,0.22,4.46,15.1,217,94,1.29,1.31,1.39,101,199,68.1,2.92,3.04,4.12,7.2,8.17,13.6,1.16,1.17,1.44,36,37.8,31.5,0.14,0.23,4.49,19.1,7.93,16.6,3.94,3.05,5.77,9.65,235,90.7,587,319,80,1.06,1.23,1.63,34.8,64.2,30,1.25,1.29,1.33,2.85,2.96,4.11,8.19,9.26,13.7,2.8,3.28,4.91,5.38,23.8,15.9,122,58.6,41.5,1.71,0.95,1.59,47.5,41,22.9,1.15,1.15,1.33,0.06,0.17,4.42,17.5,215,70.8,1.25,1.29,1.37,77.3,262,43.9,2.85,2.96,4.15,8.08,14.1,15.7,1.15,1.15,1.49,61,47.5,25.1,0.06,0.17,4.43,0,40.4,22.3,0,5.93,5.65,0,215,160,0,188,121,1.47,1.89,2.57,34.6,60.7,16.3,1.34,1.36,1.47,2.95,3.08,3.72,5.23,7.22,11.9,2.93,0.58,2.84,5.5,8.87,11.3,11.8,30.7,27,1.51,1.31,1.76,16.4,12.8,25.2,1.2,1.21,1.48,0.16,0.23,3.03,0,209,127,1.34,1.36,1.49,34.6,181,111,2.95,3.08,3.81,5.24,7.24,11.9,1.2,1.21,1.48,15.9,15.2,25.4,0.17,0.23,3.03
27.12,78.90%,79.00%,75.50%,75.10%,76.10%,72.40%,61.50%,61.80%,57.70%,26.40%,25.80%,27.60%,0.04%,0.07%,2.78%,4.97E-05,0.62%,4.67%,0.04%,0.05%,5.33%,99.90%,99.30%,87.20%,0.17%,0.43%,1.55%,1.42E-05,0.06%,2.09%,7.81E-05,0.04%,18.90%,99.80%,99.50%,77.50%,0.04%,0.69%,7.45%,0.04%,0.67%,10.00%,0.17%,0.49%,3.64%,0.01%,0.10%,21.00%,0.04%,0.05%,2.09%,2.31E-05,0.17%,3.16%,0.03%,0.04%,9.00%,99.90%,99.70%,85.70%,0.11%,0.10%,1.43%,1.16E-05,0.09%,3.55%,6.93E-05,0.06%,24.20%,99.90%,99.80%,70.90%,0.04%,0.22%,5.25%,0.03%,0.21%,12.20%,0.11%,0.19%,4.98%,0.01%,0.14%,27.80%,0.01%,0.16%,4.33%,2.69E-05,1.88%,9.62%,0.04%,0.06%,0.78%,99.90%,97.90%,85.30%,0.11%,1.16%,3.00%,0%,5.03E-05,0.08%,5.37E-05,0.01%,0.44%,99.90%,98.80%,96.50%,0.02%,2.04%,13.90%,0.04%,1.94%,10.40%,0.11%,1.17%,3.08%,0.01%,0.02%,0.52%,187964,202878,147981,140852,154030,106702,86575,95168,61583,37230,39753,29426,51,111,2969,7,956,4981,54,83,5687,140740,152880,93065,239,664,1652,2,89,2231,11,66,20150,140600,153211,82669,58,1067,7950,61,1039,10668,241,753,3883,13,155,22381,35,46,1285,2,166,1947,25,39,5545,86513,94917,52806,97,98,879,1,84,2185,6,53,14873,86471,94933,43646,37,212,3232,27,205,7492,98,182,3064,7,137,17058,5,63,1275,1,746,2832,15,24,229,37209,38920,25090,41,461,882,0,2,22,2,4,129,37187,39286,28393,6,809,4107,16,770,3061,41,463,904,2,6,151,10.3,31.4,18.4,1.79,2.91,3.62,205,201,112,167,126,66.2,0.91,1.6,1.7,64.2,61.2,24.5,1.2,1.28,1.41,1.79,1.54,2.06,7.01,8.92,9.59,8.74,6.42,7.78,8,25,14.7,56.4,78.5,50,1.04,1.4,0.93,177,68.1,33.1,0.66,0.54,0.84,7.68,7.39,7.56,33.8,183,77,1.2,1.28,1.43,76,121,44,1.79,1.54,2.11,7.02,10.8,12.5,0.66,0.54,0.86,158,74.1,34.8,7.68,7.39,7.56,9.04,12.8,16.9,1.66,1.77,3.58,641,242,80.6,13.7,189,51.2,0.58,1.11,1.65,74.2,44.1,24,1.17,1.25,1.37,1.77,1.52,2.17,7.94,6.27,11.3,8.91,8.33,13.2,5.95,24.5,13.8,54.9,79.1,52.5,1.03,1.29,0.92,292,65.4,37.6,0.57,0.44,0.73,7.84,7.61,10.4,43.2,192,55.3,1.17,1.25,1.4,69.7,161,31.1,1.77,1.52,2.2,7.92,14.7,13.1,0.57,0.44,0.78,258,73.8,39.5,7.84,7.61,10.5,11.3,36.5,19.9,2.65,3.63,3.3,8.09,188,131,15.7,109,72,0.95,2.23,2.31,66.6,75.4,14.6,1.25,1.31,1.49,1.77,1.52,1.79,6.06,9.73,8.88,9.33,5.93,5.99,0,4.11,9.16,0,82.3,35.1,1.09,1.47,1.42,25.1,143,27.7,0.81,0.7,1,7.36,7.02,5.76,10.8,176,96.5,1.25,1.31,1.5,63.4,108,67.7,1.77,1.52,1.86,6.06,9.71,8.89,0.81,0.7,1,25.1,123,28.8,7.36,7.01,5.77
28.12,76.90%,78.30%,73.20%,71.60%,72.20%,69.20%,60.30%,59.90%,55.10%,27.20%,27.70%,28.60%,0.02%,0.03%,2.29%,3.97E-05,0.45%,5.57%,0.03%,0.06%,8.68%,99.90%,99.50%,83.50%,0.59%,0.54%,1.17%,3.97E-05,0.04%,2.45%,0.09%,0.11%,24.70%,99.30%,99.30%,71.70%,0.02%,0.48%,7.86%,0.04%,0.51%,14.20%,0.59%,0.58%,3.62%,0.10%,0.15%,27.10%,0.02%,0.01%,1.54%,3.29E-05,0.08%,3.70%,0.03%,0.06%,14.90%,99.90%,99.90%,79.80%,0.50%,0.37%,0.77%,3.29E-05,0.05%,4.30%,0.08%,0.07%,43.40%,99.40%,99.50%,51.50%,0.02%,0.09%,5.24%,0.03%,0.14%,18.60%,0.50%,0.41%,5.07%,0.08%,0.11%,47.70%,0.03%,0.07%,4.03%,0%,1.38%,11.10%,0.04%,0.06%,1.43%,99.90%,98.50%,83.40%,0.49%,0.88%,1.80%,0%,0.01%,0.11%,0.13%,0.05%,1.12%,99.40%,99.10%,97.00%,0.03%,1.45%,15.10%,0.04%,1.44%,12.50%,0.49%,0.89%,1.91%,0.13%,0.07%,1.23%,142198,144515,36964,100747,103197,25233,60763,61796,13894,27453,28580,7227,18,30,578,4,464,1405,32,57,2189,100693,102646,21061,593,556,294,4,38,617,95,111,6232,100055,102492,18090,22,494,1983,36,521,3594,597,594,911,99,149,6849,12,7,214,2,50,514,18,35,2072,60731,61704,11094,305,227,107,2,28,598,46,42,6027,60410,61499,7162,14,57,728,20,85,2586,307,255,705,48,70,6625,8,21,291,0,393,804,10,17,103,27435,28149,6029,134,252,130,0,4,8,37,15,81,27282,28309,7008,8,414,1095,10,410,907,134,256,138,37,19,89,14.6,59.4,13.8,1.52,2.57,2.78,196,188,88.6,197,126,56,1.37,1.34,1.6,18.3,20.4,19.7,1.21,1.25,1.37,1.35,1.39,1.73,4.44,5.84,7.59,-0.24,-0.37,1.24,5.61,19.5,13.9,7.21,45.5,36.4,0.88,0.73,0.79,29.6,21.1,20,0.7,0.75,0.73,-0.79,-0.77,0.84,47.6,180,66.8,1.21,1.25,1.39,38.2,114,33.9,1.35,1.39,1.76,4.45,6.71,11.9,0.7,0.75,0.75,28.7,27.3,21.5,-0.79,-0.77,0.85,18,9.93,10.8,1.57,1.82,2.83,305,230,62.6,59.5,183,46.7,1.57,1.04,1.54,23.8,13,19.9,1.16,1.2,1.3,1.31,1.34,1.78,4.21,4.77,8.6,-0.29,-0.26,2.04,7.01,21.3,14.1,7.28,49.3,37,0.74,0.56,0.78,51.4,34.9,20.2,0.66,0.71,0.68,-0.8,-0.78,2.07,59,203,47.4,1.16,1.2,1.34,27.4,113,25.2,1.31,1.34,1.8,4.23,6.59,13.3,0.66,0.71,0.73,49.6,40.7,21.7,-0.8,-0.78,2.07,6.98,59.8,15.7,1.08,3.3,2.62,0,182,105,0,116,61.1,1.06,1.77,2.12,10.5,24.1,10.9,1.27,1.32,1.45,1.38,1.41,1.58,3.45,6.37,7.24,-0.49,-0.51,0.76,0,12.2,6.78,0,18,32.1,0.89,1.3,0.74,7.73,14.6,12.5,0.75,0.81,0.76,-0.8,-0.77,0.16,6.98,176,81.3,1.27,1.32,1.46,10.5,112,55.4,1.38,1.41,1.63,3.45,6.46,7.21,0.75,0.81,0.76,7.73,15.3,14.3,-0.8,-0.77,0.17
29.12,73.50%,72.40%,70.00%,75.50%,74.90%,75.20%,60.70%,61.50%,59.10%,27.80%,26.50%,27.30%,0.03%,0.07%,2.32%,2.87E-05,0.66%,6.35%,0.04%,0.07%,7.34%,99.90%,99.20%,84.00%,0.19%,0.43%,1.90%,7.17E-06,0.07%,2.82%,0.01%,0.05%,19.50%,99.80%,99.50%,75.80%,0.03%,0.73%,8.67%,0.05%,0.73%,13.70%,0.19%,0.49%,4.72%,0.01%,0.11%,22.30%,0.04%,0.05%,2.17%,1.18E-05,0.20%,4.20%,0.03%,0.05%,9.29%,99.90%,99.70%,84.30%,0.19%,0.17%,1.39%,0%,0.10%,5.04%,0.02%,0.06%,29.70%,99.80%,99.70%,63.80%,0.04%,0.25%,6.37%,0.03%,0.25%,13.50%,0.19%,0.27%,6.43%,0.02%,0.16%,34.70%,7.74E-05,0.09%,3.72%,0%,1.95%,12.10%,0.05%,0.09%,1.17%,99.90%,97.90%,83.00%,0.13%,1.27%,4.10%,0%,0%,0.14%,0.02%,0.02%,0.43%,99.90%,98.70%,95.30%,0.01%,2.04%,15.80%,0.05%,2.04%,13.30%,0.13%,1.27%,4.24%,0.02%,0.02%,0.57%,185310,207974,174941,139424,155158,130756,84693,95381,77262,38752,41177,35633,42,108,3035,4,1031,8300,59,102,9593,139319,153917,109828,258,671,2483,1,101,3692,14,70,25453,139151,154316,99128,46,1139,11335,63,1133,17893,259,772,6175,15,171,29145,32,51,1677,1,188,3246,27,45,7176,84633,95097,65163,159,158,1072,0,94,3891,13,60,22976,84521,95069,49323,33,239,4923,28,233,10422,159,252,4963,13,154,26867,3,37,1325,0,801,4298,18,37,417,38731,40302,29593,49,523,1461,0,0,49,7,6,154,38696,40648,33969,3,838,5623,18,838,4715,49,523,1510,7,6,203,13.5,27.6,18,1.76,2.27,3.29,11.7,229,128,233,176,98.3,1.19,1.16,1.76,26.1,40.8,28.3,1.26,0.92,1.4,1.62,1.39,1.9,5.62,8.44,11,8.87,5.21,6.97,6.46,26.1,18.9,51.5,65.9,55.8,0.73,0.59,0.72,116,89.9,36.8,0.51,0.38,0.64,7.29,6.66,7.62,13.3,210,98.5,1.26,0.92,1.43,39.2,164,60.8,1.62,1.39,1.94,5.62,10.8,15.7,0.51,0.38,0.66,112,75.7,39.2,7.29,6.65,7.6,14.7,16.4,17.3,1.55,1.41,3.99,5.86,265,99.6,7.69,264,84.1,1.16,1.05,1.73,40.5,54.4,34.2,1.24,0.9,1.39,1.61,1.39,2.17,5.27,5.38,12.5,8.99,8.89,12.1,0,23.8,17.5,0,66.3,56,0.68,0.49,0.69,43.1,72.7,38.2,0.41,0.3,0.51,7.48,6.9,9.78,14.4,212,71.6,1.24,0.9,1.42,39.3,224,49.7,1.61,1.39,2.22,5.27,12.3,16.4,0.41,0.3,0.57,43.1,68.8,40.8,7.48,6.9,9.83,10.8,40.1,20.9,1.01,3.17,3.12,0,212,156,0,148,113,1.35,1.2,2.43,13.6,37.6,16.9,1.29,0.95,1.47,1.59,1.36,1.65,4.95,8.38,9.92,8.76,4.09,4.49,0,0,11.7,0,0,36.7,0.95,0.35,1.07,172,177,29.4,0.67,0.51,0.79,6.97,6.27,5.65,10.8,204,124,1.29,0.95,1.48,13.6,143,105,1.59,1.36,1.71,4.95,8.38,9.98,0.67,0.51,0.79,172,177,31.2,6.97,6.24,5.6
30.12,72.50%,72.70%,65.40%,72.10%,72.80%,68.70%,62.50%,63.10%,59.10%,26.50%,26.20%,27.80%,0.02%,0.02%,2.45%,6.99E-05,0.56%,7.74%,0.05%,0.05%,9.03%,99.90%,99.40%,80.80%,0.56%,0.46%,2.13%,5.44E-05,0.06%,4.38%,0.03%,0.09%,25.80%,99.40%,99.40%,67.70%,0.03%,0.58%,10.20%,0.06%,0.61%,16.80%,0.57%,0.52%,6.51%,0.03%,0.14%,30.20%,0.02%,0.01%,2.15%,4.97E-05,0.17%,5.56%,0.03%,0.03%,13.70%,99.90%,99.80%,78.60%,0.38%,0.20%,1.44%,6.21E-05,0.07%,7.41%,0.04%,0.09%,44.40%,99.60%,99.60%,46.80%,0.02%,0.18%,7.71%,0.04%,0.20%,19.30%,0.39%,0.27%,8.85%,0.04%,0.15%,51.80%,0.02%,0.04%,3.19%,8.78E-05,1.61%,14.50%,0.06%,0.09%,1.66%,99.90%,98.30%,80.60%,0.28%,0.98%,2.87%,0%,2.98E-05,0.09%,8.78E-05,0.03%,0.62%,99.70%,99.00%,96.40%,0.03%,1.65%,17.70%,0.07%,1.70%,16.20%,0.28%,0.98%,2.96%,0.01%,0.03%,0.71%,179751,177582,142121,128787,128430,96641,80513,81011,57079,34171,33611,26894,23,23,2365,9,725,7479,62,64,8726,128693,127618,78071,715,589,2056,7,70,4234,36,111,24908,128029,127660,65443,32,748,9844,71,789,16205,722,659,6290,43,181,29142,12,9,1230,4,141,3174,26,24,7823,80471,80837,44852,305,161,823,5,53,4227,28,73,25323,80175,80724,26706,16,150,4404,30,165,10997,310,214,5050,33,126,29550,6,12,858,3,542,3911,22,31,446,34140,33026,21679,94,329,772,0,1,23,3,10,167,34074,33271,25932,9,554,4769,25,573,4357,94,330,795,3,11,190,16.9,21.3,17.8,1.81,1.97,3.32,120,241,145,177,187,101,1.01,1.47,1.7,12.1,25.6,25.9,0.93,1.21,1.37,1.25,1.38,2.07,3.53,6.3,10.7,-0.38,-0.28,1.89,4.11,28.6,19.2,29.9,67.6,44.9,0.84,0.4,0.95,46.3,32.8,26.7,0.54,0.61,0.84,-0.85,-0.82,1.25,45.9,234,114,0.93,1.21,1.4,33,174,60.6,1.25,1.38,2.11,3.54,8.67,16.4,0.54,0.61,0.87,43.6,46.3,29.3,-0.85,-0.82,1.27,26.4,18.1,14.9,1.67,1.2,3.39,226,265,104,106,264,78.9,1.01,1.39,1.64,12.5,39.4,26.7,0.9,1.18,1.32,1.23,1.35,2.19,4.36,6.41,13.1,-0.43,-0.13,3.12,4,29.3,19,38.3,71.9,44.7,0.89,0.44,0.95,47,38.7,26.1,0.51,0.57,0.82,-0.86,-0.82,2.38,76.3,250,79.1,0.9,1.18,1.37,25,231,41.8,1.23,1.35,2.22,4.35,12.1,18,0.51,0.57,0.88,45.7,52.7,28.8,-0.86,-0.82,2.4,5.46,21.1,21.6,1.94,2.18,3.03,45.5,227,178,17,158,118,0.81,1.68,2.32,11.7,14.6,12.4,0.98,1.26,1.46,1.26,1.4,1.84,3.35,6.61,11.1,-0.12,-0.69,0.62,0,8.94,14.7,0,10.4,33.9,0.98,1.04,0.89,11.2,28,21,0.59,0.67,0.87,-0.85,-0.82,0.38,18.8,223,150,0.98,1.26,1.48,12.3,150,107,1.26,1.4,1.89,3.35,6.62,11.2,0.59,0.67,0.87,11.2,26.4,22.6,-0.85,-0.82,0.39
